#1,#2,名称,所在地,ステータス,マッピングに関する特記事項,日付,開設時間,充電に関する特記事項,出典,市町村コード,都道府県,市区町村,市区町村以下,緯度・経度,出典最終確認日時,出典確認担当者
1,1,銚子市役所 2階 危機管理室,千葉県 銚子市 若宮町 1-1,閉鎖,,,,,http://www.city.choshi.chiba.jp/osirase/2019/2019-0909-taihu15.html,122025,千葉県,銚子市,若宮町 1-1,"35.734772, 140.826745",2019-09-23 21:05:25,藤田 周
2,2,館山市役所 本館ロビー,千葉県 館山市 北条 1145-1,開設,,2019-09-24,8:30 - 17:15,,https://www.city.tateyama.chiba.jp/jouhou/page100180.html,122050,千葉県,館山市,北条 1145-1,"34.9965623,139.8699153",2019-09-23 21:05:30,藤田 周
18,3,渚の博物館 休憩室,千葉県 館山市 館山 1564-1,開設,,2019-09-24,9:00 - 16:45,,https://www.city.tateyama.chiba.jp/jouhou/page100180.html,122050,千葉県,館山市,館山 1564-1,"34.9896318,139.8547987",2019-09-23 21:05:30,藤田 周
3,4,コミュニティセンター,千葉県 館山市 北条 740-1,開設,,2019-09-24,8:30 - 17:00,,https://www.city.tateyama.chiba.jp/jouhou/page100180.html,122050,千葉県,館山市,北条 740-1,"34.989238, 139.873846",2019-09-23 21:05:30,藤田 周
4,5,館山市図書館,千葉県 館山市 北条 1740,開設,,2019-09-24,9:00 - 17:00,,https://www.city.tateyama.chiba.jp/jouhou/page100180.html,122050,千葉県,館山市,北条 1740,"34.9940235,139.8666957",2019-09-23 21:05:30,藤田 周
5,6,館山市立博物館,千葉県 館山市 館山 351-2,開設,,2019-09-24,8:30 - 17:00,,https://www.city.tateyama.chiba.jp/jouhou/page100180.html,122050,千葉県,館山市,館山 351-2,"34.9824345,139.8544468",2019-09-23 21:05:30,藤田 周
13,7,旧富崎小学校,千葉県 館山市 相浜 282-1,開設,,2019-09-24,好天時の日中のみ（無人・ソーラー発電のため）,,https://www.city.tateyama.chiba.jp/jouhou/page100180.html,122050,千葉県,館山市,相浜 282-1,"34.9216334,139.8265528",2019-09-23 21:05:30,藤田 周
15,8,東京都立墨田川高校 楽水寮,千葉県 館山市 浜田 160,開設,,2019-09-24,10:00 - 19:00,,https://www.city.tateyama.chiba.jp/jouhou/page100180.html,122050,千葉県,館山市,浜田 160,"34.975433,139.803924",2019-09-23 21:05:30,藤田 周
16,9,三越 館山店,千葉県 館山市 北条 1854-2,休止,,2019-09-24,"10:00 - 17:00
火曜定休",,https://www.city.tateyama.chiba.jp/jouhou/page100180.html,122050,千葉県,館山市,北条 1854-2,"34.9948667,139.8625127",2019-09-23 21:05:30,藤田 周
17,10,トータルボディケア J-1,千葉県 館山市 山本 1208-1,開設,,2019-09-24,10:00 - 22:00,,https://www.city.tateyama.chiba.jp/jouhou/page100180.html,122050,千葉県,館山市,山本 1208-1,"34.9990503,139.8939087",2019-09-23 21:05:30,藤田 周
9,11,船形地区公民館,千葉県 館山市 船形 405-2,閉鎖,,,,,https://www.city.tateyama.chiba.jp/jouhou/page100180.html,122050,千葉県,館山市,船形 405-2,"35.02789,139.848133",2019-09-23 21:05:30,藤田 周
10,12,那古地区公民館,千葉県 館山市 那古 1125-1,閉鎖,,,,,https://www.city.tateyama.chiba.jp/jouhou/page100180.html,122050,千葉県,館山市,那古 1125-1,"35.0243151,139.8603985",2019-09-23 21:05:30,藤田 周
11,13,西岬地区公民館（本館）,千葉県 館山市 見物 65,閉鎖,,,,,https://www.city.tateyama.chiba.jp/jouhou/page100180.html,122050,千葉県,館山市,見物 65,"34.9727828,139.7993917",2019-09-23 21:05:30,藤田 周
12,14,西岬地区公民館（分館）,千葉県 館山市 伊戸 2503,閉鎖,,,,,https://www.city.tateyama.chiba.jp/jouhou/page100180.html,122050,千葉県,館山市,伊戸 2503,"34.958751,139.78832",2019-09-23 21:05:30,藤田 周
6,15,安房合同庁舎,千葉県 館山市 北条 402-1,閉鎖,,,,,https://www.city.tateyama.chiba.jp/jouhou/page100180.html,122050,千葉県,館山市,北条 402-1,"34.994873,139.871715",2019-09-23 21:05:30,藤田 周
7,16,安房保健所,千葉県 館山市 北条 1093-1,閉鎖,,,,,https://www.city.tateyama.chiba.jp/jouhou/page100180.html,122050,千葉県,館山市,北条 1093-1,"34.994656,139.870607",2019-09-23 21:05:30,藤田 周
14,17,館山病院,千葉県 館山市 長須賀 196,閉鎖,,,,,https://www.city.tateyama.chiba.jp/jouhou/page100180.html,122050,千葉県,館山市,長須賀 196,"34.983771,139.86261",2019-09-23 21:05:30,藤田 周
8,18,海上自衛隊館山航空基地,千葉県 館山市 宮城 無番地,閉鎖,,,,,https://www.city.tateyama.chiba.jp/jouhou/page100180.html,122050,千葉県,館山市,宮城 無番地,"34.9871247,139.8343072",2019-09-23 21:05:30,藤田 周
19,19,館山リゾートホテル,千葉県 館山市 小沼 352,閉鎖,,,,,https://www.city.tateyama.chiba.jp/jouhou/page100180.html,122050,千葉県,館山市,小沼 352,"34.954196,139.791537",2019-09-23 21:05:30,藤田 周
29,20,木更津市 清見台公民館,千葉県 木更津市 清見台南 5-1-29,開設,,2019-09-24,8:30 - 21:30,,https://www.city.kisarazu.lg.jp/,122068,千葉県,木更津市,清見台南 5-1-29,"35.379933, 139.959551",2019-09-23 21:06:40,藤田 周
26,21,木更津市 文京公民館,千葉県 木更津市 文京 2丁目6-54,開設,,2019-09-24,8:30 - 21:30,,https://www.city.kisarazu.lg.jp/,122068,千葉県,木更津市,文京 2丁目6-54,"35.377104, 139.928327",2019-09-23 21:06:40,藤田 周
21,22,木更津市 富来田公民館,千葉県 木更津市 真里谷 110,開設,,2019-09-24,8:30 - 21:30,,https://www.city.kisarazu.lg.jp/,122068,千葉県,木更津市,真里谷 110,"35.366980, 140.060479",2019-09-23 21:06:40,藤田 周
20,23,木更津市 中央公民館,千葉県 木更津市 富士見 1-2-1,開設,,2019-09-24,8:30 - 17:15,,https://www.city.kisarazu.lg.jp/,122068,千葉県,木更津市,富士見 1-2-1,"35.381137, 139.924950",2019-09-23 21:06:40,藤田 周
22,24,木更津市 岩根公民館,千葉県 木更津市 高柳 3-2-1,開設,,2019-09-24,8:30 - 17:15,,https://www.city.kisarazu.lg.jp/,122068,千葉県,木更津市,高柳 3-2-1,"35.412071, 139.941303",2019-09-23 21:06:40,藤田 周
23,25,木更津市 鎌足公民館,千葉県 木更津市 矢那 899-1,開設,,2019-09-24,8:30 - 17:15,,https://www.city.kisarazu.lg.jp/,122068,千葉県,木更津市,矢那 899-1,"35.349806, 139.976879",2019-09-23 21:06:40,藤田 周
24,26,木更津市 中郷公民館,千葉県 木更津市 井尻 789,開設,,2019-09-24,8:30 - 17:15,,https://www.city.kisarazu.lg.jp/,122068,千葉県,木更津市,井尻 789,"35.405671, 139.970399",2019-09-23 21:06:40,藤田 周
25,27,木更津市 富岡公民館,千葉県 木更津市 下郡 1770-1,開設,,2019-09-24,8:30 - 17:15,,https://www.city.kisarazu.lg.jp/,122068,千葉県,木更津市,下郡 1770-1,"35.358257, 140.041653",2019-09-23 21:06:40,藤田 周
27,28,木更津市 八幡台公民館,千葉県 木更津市 八幡台 4-2-1,開設,,2019-09-24,8:30 - 17:15,,https://www.city.kisarazu.lg.jp/,122068,千葉県,木更津市,八幡台 4-2-1,"35.341680, 139.951251",2019-09-23 21:06:40,藤田 周
28,29,木更津市 東清公民館,千葉県 木更津市 笹子 469-1,開設,,2019-09-24,8:30 - 17:15,,https://www.city.kisarazu.lg.jp/,122068,千葉県,木更津市,笹子 469-1,"35.389591, 139.984284",2019-09-23 21:06:40,藤田 周
30,30,木更津市 畑沢公民館,千葉県 木更津市 畑沢 1053-12,開設,,2019-09-24,8:30 - 17:15,,https://www.city.kisarazu.lg.jp/,122068,千葉県,木更津市,畑沢 1053-12,"35.347829, 139.912866",2019-09-23 21:06:40,藤田 周
31,31,木更津市 岩根西公民館,千葉県 木更津市 江川 934-1,開設,,2019-09-24,8:30 - 17:15,,https://www.city.kisarazu.lg.jp/,122068,千葉県,木更津市,江川 934-1,"35.408925, 139.920720",2019-09-23 21:06:40,藤田 周
32,32,木更津市 西清川公民館,千葉県 木更津市 永井作 2-11-12,開設,,2019-09-24,8:30 - 17:15,,https://www.city.kisarazu.lg.jp/,122068,千葉県,木更津市,永井作 2-11-12,"35.391014, 139.945072",2019-09-23 21:06:40,藤田 周
33,33,木更津市 波岡公民館,千葉県 木更津市 大久保 5-7-1,開設,,2019-09-24,8:30 - 17:15,,https://www.city.kisarazu.lg.jp/,122068,千葉県,木更津市,大久保 5-7-1,"35.345158, 139.935918",2019-09-23 21:06:40,藤田 周
34,34,木更津市 桜井公民館,千葉県 木更津市 桜井新町 4-2,開設,,2019-09-24,8:30 - 17:15,,https://www.city.kisarazu.lg.jp/,122068,千葉県,木更津市,桜井新町 4-2,"35.365760, 139.921359",2019-09-23 21:06:40,藤田 周
35,35,木更津市 金田地域交流センター,千葉県 木更津市 金田東 6-11-1,開設,,2019-09-24,8:30 - 17:15,,https://www.city.kisarazu.lg.jp/,122068,千葉県,木更津市,金田東 6-11-1,"35.433673, 139.931882",2019-09-23 21:06:40,藤田 周
38,36,市役所1階市民ロビー,千葉県 成田市 花崎町 760,開設,,2019-09-24,8:30 - 17:15,,https://www.city.narita.chiba.jp/,122114,千葉県,成田市,花崎町 760,"35.776796, 140.319005",2019-09-23 21:08:45,藤田 周
53,37,三里塚コミュニティセンター,千葉県 成田市 三里塚 2,開設,,2019-09-24,9:00 - 21:00,,https://www.city.narita.chiba.jp/,122114,千葉県,成田市,三里塚 2,"35.745052, 140.370071",2019-09-23 21:08:45,藤田 周
54,38,遠山公民館,千葉県 成田市 大清水 48-7,開設,,2019-09-24,9:00 - 17:00,,https://www.city.narita.chiba.jp/,122114,千葉県,成田市,大清水 48-7,"35.764828, 140.358100",2019-09-23 21:08:45,藤田 周
55,39,中央公民館,千葉県 成田市 赤坂 1-1-3,開設,,2019-09-24,9:00 - 21:00,,https://www.city.narita.chiba.jp/,122114,千葉県,成田市,赤坂 1-1-3,"35.779399, 140.292762",2019-09-23 21:08:45,藤田 周
64,40,下総地域福祉センター,千葉県 成田市 猿山 1600,開設,,2019-09-24,8:30 - 17:00,,https://www.city.narita.chiba.jp/,122114,千葉県,成田市,猿山 1600,"35.874435, 140.343254",2019-09-23 21:08:45,藤田 周
65,41,下総支所,千葉県 成田市 猿山 1080,開設,,2019-09-24,8:30 - 17:15,,https://www.city.narita.chiba.jp/,122114,千葉県,成田市,猿山 1080,"35.875615, 140.349041",2019-09-23 21:08:45,藤田 周
66,42,下総公民館,千葉県 成田市 高岡 1435,開設,,2019-09-24,9:00 - 17:00,,https://www.city.narita.chiba.jp/,122114,千葉県,成田市,高岡 1435,"35.874458, 140.355955",2019-09-23 21:08:45,藤田 周
67,43,滑河運動施設,千葉県 成田市 滑河 1142,開設,,2019-09-24,9:00 - 17:00,,https://www.city.narita.chiba.jp/,122114,千葉県,成田市,滑河 1142,"35.866423, 140.342348",2019-09-23 21:08:45,藤田 周
68,44,大栄公民館,千葉県 成田市 松子 393,開設,,2019-09-24,9:00 - 17:00,,https://www.city.narita.chiba.jp/,122114,千葉県,成田市,松子 393,"35.831920, 140.418619",2019-09-23 21:08:45,藤田 周
69,45,大栄支所,千葉県 成田市 松子 413-1,開設,,2019-09-24,8:30 - 18:00,,https://www.city.narita.chiba.jp/,122114,千葉県,成田市,松子 413-1,"35.832357, 140.419563",2019-09-23 21:08:45,藤田 周
69.1,46,大栄B＆G海洋センター一,千葉県 成田市 一坪田 388,開設,,2019-09-24,9:00 - 21:00,,https://www.city.narita.chiba.jp/,122114,千葉県,成田市,一坪田 388,"35.817580, 140.421296",2019-09-23 21:08:45,藤田 周
36,47,成田観光館,千葉県 成田市 仲町 383-1,閉鎖,,,,,https://www.city.narita.chiba.jp/,122114,千葉県,成田市,仲町 383-1,"35.783637, 140.316455",2019-09-23 21:08:45,藤田 周
37,48,まちかどふれあい館,千葉県 成田市 上町 559-1,閉鎖,,,,,https://www.city.narita.chiba.jp/,122114,千葉県,成田市,上町 559-1,"35.782081, 140.316348",2019-09-23 21:08:45,藤田 周
39,49,国際文化会館,千葉県 成田市 土屋 303,閉鎖,,,,,https://www.city.narita.chiba.jp/,122114,千葉県,成田市,土屋 303,"35.790252, 140.322153",2019-09-23 21:08:45,藤田 周
40,50,文化芸術センター,千葉県 成田市 花崎町 828-11,閉鎖,,,,,https://www.city.narita.chiba.jp/,122114,千葉県,成田市,花崎町 828-11,"35.777033, 140.314137",2019-09-23 21:08:45,藤田 周
41,51,美郷台地区会館,千葉県 成田市 美郷台 3-3-9,閉鎖,,,,,https://www.city.narita.chiba.jp/,122114,千葉県,成田市,美郷台 3-3-9,"35.793608, 140.308152",2019-09-23 21:08:45,藤田 周
42,52,成田公民館,千葉県 成田市 田町 299-2,閉鎖,,,,,https://www.city.narita.chiba.jp/,122114,千葉県,成田市,田町 299-2,"35.784794, 140.320073",2019-09-23 21:08:45,藤田 周
43,53,勤労会館,千葉県 成田市 不動が丘 1113-1,閉鎖,,,,,https://www.city.narita.chiba.jp/,122114,千葉県,成田市,不動が丘 1113-1,"35.772765, 140.310323",2019-09-23 21:08:45,藤田 周
44,54,卸売市場,千葉県 成田市 飯仲 42-2,閉鎖,,,,,https://www.city.narita.chiba.jp/,122114,千葉県,成田市,飯仲 42-2,"35.756743, 140.300627",2019-09-23 21:08:45,藤田 周
45,55,公津公民館,千葉県 成田市 宗吾 1-839-1,閉鎖,,,,,https://www.city.narita.chiba.jp/,122114,千葉県,成田市,宗吾 1-839-1,"35.764132, 140.279602",2019-09-23 21:08:45,藤田 周
46,56,公津の杜コミュニティセンター,千葉県 成田市 公津の杜 4-8,閉鎖,,,,,https://www.city.narita.chiba.jp/,122114,千葉県,成田市,公津の杜 4-8,"35.757904, 140.294618",2019-09-23 21:08:45,藤田 周
47,57,印東体育館,千葉県 成田市 船形186-2,閉鎖,,,,,https://www.city.narita.chiba.jp/,122114,千葉県,成田市,船形186-2,"35.786384, 140.267329",2019-09-23 21:08:45,藤田 周
48,58,のぞみの園,千葉県 成田市 江弁須 96-3,閉鎖,,,,,https://www.city.narita.chiba.jp/,122114,千葉県,成田市,江弁須 96-3,"35.764561, 140.294621",2019-09-23 21:08:45,藤田 周
49,59,図書館分館,千葉県 成田市 公津の杜4-8 もりんぴあこうづ内,閉鎖,,,,,https://www.city.narita.chiba.jp/,122114,千葉県,成田市,公津の杜4-8 もりんぴあこうづ内,"35.757820, 140.294608",2019-09-23 21:08:45,藤田 周
50,60,八生公民館,千葉県 成田市 松崎 317,閉鎖,,,,,https://www.city.narita.chiba.jp/,122114,千葉県,成田市,松崎 317,"35.808582, 140.291602",2019-09-23 21:08:45,藤田 周
51,61,坂田ヶ池総合公園,千葉県 成田市 大竹 1450,閉鎖,,,,,https://www.city.narita.chiba.jp/,122114,千葉県,成田市,大竹 1450,"35.815759, 140.276420",2019-09-23 21:08:45,藤田 周
52,62,豊住ふれあい健康館,千葉県 成田市 北羽鳥 1975-3,閉鎖,,,,,https://www.city.narita.chiba.jp/,122114,千葉県,成田市,北羽鳥 1975-3,"35.854155, 140.295168",2019-09-23 21:08:45,藤田 周
56,63,橋賀台公民館,千葉県 成田市 橋賀台 1-43-1,閉鎖,,,,,https://www.city.narita.chiba.jp/,122114,千葉県,成田市,橋賀台 1-43-1,"35.770791, 140.294403",2019-09-23 21:08:45,藤田 周
57,64,玉造公民館,千葉県 成田市 玉造 7-21,閉鎖,,,,,https://www.city.narita.chiba.jp/,122114,千葉県,成田市,玉造 7-21,"35.792538, 140.290025",2019-09-23 21:08:45,藤田 周
58,65,加良部公民館,千葉県 成田市 加良部 3-4-1,閉鎖,,,,,https://www.city.narita.chiba.jp/,122114,千葉県,成田市,加良部 3-4-1,"35.778326, 140.305186",2019-09-23 21:08:45,藤田 周
59,66,中台運動公園体育館,千葉県 成田市 中台 5-2,閉鎖,,,,,https://www.city.narita.chiba.jp/,122114,千葉県,成田市,中台 5-2,"35.781590, 140.307383",2019-09-23 21:08:45,藤田 周
60,67,こども発達支援センター,千葉県 成田市 赤坂 1-3-1,閉鎖,,,,,https://www.city.narita.chiba.jp/,122114,千葉県,成田市,赤坂 1-3-1,"35.781802, 140.290620",2019-09-23 21:08:45,藤田 周
61,68,赤坂ふれあいセンター,千葉県 成田市 赤坂 2丁目1-14,閉鎖,,,,,https://www.city.narita.chiba.jp/,122114,千葉県,成田市,赤坂 2丁目1-14,"35.777863, 140.292061",2019-09-23 21:08:45,藤田 周
62,69,図書館本館,千葉県 成田市 赤坂 1-1-3 ,閉鎖,,,,,https://www.city.narita.chiba.jp/,122114,千葉県,成田市,赤坂 1-1-3 ,"35.779442, 140.292783",2019-09-23 21:08:45,藤田 周
63,70,保健福祉館,千葉県 成田市 赤坂 1-3-1,閉鎖,,,,,https://www.city.narita.chiba.jp/,122114,千葉県,成田市,赤坂 1-3-1,"35.781793, 140.290818",2019-09-23 21:08:45,藤田 周
70,71,和田ふるさと館,千葉県 佐倉市 八木 850-1,開設,,2019-09-24,9:00 - 21:00,,http://www.city.sakura.lg.jp/emergencyinfo/0000000104.html,122122,千葉県,佐倉市,八木 850-1,"35.697465, 140.259956",2019-09-23 21:09:41,藤田 周
71,72,西部保健センター,千葉県 佐倉市 ,閉鎖,,,,,http://www.city.sakura.lg.jp/emergencyinfo/0000000104.html,122122,千葉県,佐倉市,,,2019-09-23 21:09:41,藤田 周
72,73,千代田・染井野ふれあいセンター,千葉県 佐倉市 ,閉鎖,,,,,http://www.city.sakura.lg.jp/emergencyinfo/0000000104.html,122122,千葉県,佐倉市,,,2019-09-23 21:09:41,藤田 周
73,74,臼井公民館,千葉県 佐倉市 ,閉鎖,,,,,http://www.city.sakura.lg.jp/emergencyinfo/0000000104.html,122122,千葉県,佐倉市,,,2019-09-23 21:09:41,藤田 周
74,75,志津コミュニティセンター,千葉県 佐倉市 ,閉鎖,,,,,http://www.city.sakura.lg.jp/emergencyinfo/0000000104.html,122122,千葉県,佐倉市,,,2019-09-23 21:09:41,藤田 周
75,76,ミレニアムセンター佐倉,千葉県 佐倉市 ,閉鎖,,,,,http://www.city.sakura.lg.jp/emergencyinfo/0000000104.html,122122,千葉県,佐倉市,,,2019-09-23 21:09:41,藤田 周
76,77,中央公民館（佐倉市）,千葉県 佐倉市 ,閉鎖,,,,,http://www.city.sakura.lg.jp/emergencyinfo/0000000104.html,122122,千葉県,佐倉市,,,2019-09-23 21:09:41,藤田 周
77,78,佐倉図書館,千葉県 佐倉市 ,閉鎖,,,,,http://www.city.sakura.lg.jp/emergencyinfo/0000000104.html,122122,千葉県,佐倉市,,,2019-09-23 21:09:41,藤田 周
78,79,佐倉南図書館,千葉県 佐倉市 ,閉鎖,,,,,http://www.city.sakura.lg.jp/emergencyinfo/0000000104.html,122122,千葉県,佐倉市,,,2019-09-23 21:09:41,藤田 周
78.1,80,東金市役所 ロビー,千葉県 東金市 東岩崎 1-1,開設,,2019-09-24,8:30 - 17:00,,https://www.city.togane.chiba.jp/emergencyinfo/0000000022.html,122131,千葉県,東金市,東岩崎 1-1,"35.560022, 140.366114",2019-09-23 21:10:49,藤田 周
79,81,勝浦市役所,千葉県 勝浦市 新官 1343-1,開設,,2019-09-24,8:30 - 17:15,,https://www.city.katsuura.lg.jp/forms/info/info.aspx?info_id=38020,122181,千葉県,勝浦市,新官 1343-1,"35.152355, 140.320835",2019-09-23 21:11:38,藤田 周
80,82,芸術文化交流センター,千葉県 勝浦市 沢倉 523-1,休止,,2019-09-24,"9:00 - 21:00
火曜は休館",,https://www.city.katsuura.lg.jp/forms/info/info.aspx?info_id=38020,122181,千葉県,勝浦市,沢倉 523-1,"35.153301, 140.321996",2019-09-23 21:11:38,藤田 周
81,83,市原市役所第一庁舎市民プラザ,千葉県 市原市 国分寺台中央 1丁目1-1,開設,,2019-09-24,施設開館時間内,充電ケーブル10台あり,https://www.city.ichihara.chiba.jp/kurashi/bohanbosai/kinkyu/faxai/battery_charge.html,122190,千葉県,市原市,国分寺台中央 1丁目1-1,"35.497208, 140.115167",2019-09-23 21:12:31,藤田 周
82,84,アネッサ,千葉県 市原市 椎津 1131,開設,,2019-09-24,施設開館時間内,,https://www.city.ichihara.chiba.jp/kurashi/bohanbosai/kinkyu/faxai/battery_charge.html,122190,千葉県,市原市,椎津 1131,"35.469508, 140.042239",2019-09-23 21:12:31,藤田 周
83,85,市津支所,千葉県 市原市 下野 90-1,開設,,2019-09-24,施設開館時間内,,https://www.city.ichihara.chiba.jp/kurashi/bohanbosai/kinkyu/faxai/battery_charge.html,122190,千葉県,市原市,下野 90-1,"35.514945, 140.184597",2019-09-23 21:12:31,藤田 周
84,86,国分寺公民館,千葉県 市原市 南国分寺台 1丁目2-6,開設,,2019-09-24,施設開館時間内,,https://www.city.ichihara.chiba.jp/kurashi/bohanbosai/kinkyu/faxai/battery_charge.html,122190,千葉県,市原市,南国分寺台 1丁目2-6,"35.494942, 140.115405",2019-09-23 21:12:31,藤田 周
85,87,加茂公民館,千葉県 市原市 養老 949-1,開設,,2019-09-24,施設開館時間内,,https://www.city.ichihara.chiba.jp/kurashi/bohanbosai/kinkyu/faxai/battery_charge.html,122190,千葉県,市原市,養老 949-1,"35.355332, 140.152372",2019-09-23 21:12:31,藤田 周
86,88,八幡公民館,千葉県 市原市 八幡 1050-1,開設,,2019-09-24,施設開館時間内,,https://www.city.ichihara.chiba.jp/kurashi/bohanbosai/kinkyu/faxai/battery_charge.html,122190,千葉県,市原市,八幡 1050-1,"35.536686, 140.115876",2019-09-23 21:12:31,藤田 周
87,89,姉崎公民館,千葉県 市原市 姉崎 2174-1,開設,,2019-09-24,施設開館時間内,,https://www.city.ichihara.chiba.jp/kurashi/bohanbosai/kinkyu/faxai/battery_charge.html,122190,千葉県,市原市,姉崎 2174-1,"35.471595, 140.044678",2019-09-23 21:12:31,藤田 周
88,90,南総公民館,千葉県 市原市 牛久 520-1,開設,,2019-09-24,施設開館時間内,,https://www.city.ichihara.chiba.jp/kurashi/bohanbosai/kinkyu/faxai/battery_charge.html,122190,千葉県,市原市,牛久 520-1,"35.401229, 140.136044",2019-09-23 21:12:31,藤田 周
89,91,有秋公民館,千葉県 市原市 有秋台西 1丁目3-2,開設,,2019-09-24,施設開館時間内,,https://www.city.ichihara.chiba.jp/kurashi/bohanbosai/kinkyu/faxai/battery_charge.html,122190,千葉県,市原市,有秋台西 1丁目3-2,"35.453638, 140.050295",2019-09-23 21:12:31,藤田 周
90,92,市津公民館,千葉県 市原市 下野 90-1,開設,,2019-09-24,施設開館時間内,,https://www.city.ichihara.chiba.jp/kurashi/bohanbosai/kinkyu/faxai/battery_charge.html,122190,千葉県,市原市,下野 90-1,"35.514771, 140.184558",2019-09-23 21:12:31,藤田 周
91,93,五井公民館,千葉県 市原市 五井 5472-1,開設,,2019-09-24,施設開館時間内,,https://www.city.ichihara.chiba.jp/kurashi/bohanbosai/kinkyu/faxai/battery_charge.html,122190,千葉県,市原市,五井 5472-1,"35.520961, 140.089884",2019-09-23 21:12:31,藤田 周
92,94,辰巳公民館,千葉県 市原市 辰巳台西 3丁目14-1,開設,,2019-09-24,施設開館時間内,,https://www.city.ichihara.chiba.jp/kurashi/bohanbosai/kinkyu/faxai/battery_charge.html,122190,千葉県,市原市,辰巳台西 3丁目14-1,"35.520863, 140.146544",2019-09-23 21:12:31,藤田 周
93,95,千種コミュニティセンター,千葉県 市原市 千種 2丁目1-2,開設,,2019-09-24,施設開館時間内,,https://www.city.ichihara.chiba.jp/kurashi/bohanbosai/kinkyu/faxai/battery_charge.html,122190,千葉県,市原市,千種 2丁目1-2,"35.493869, 140.058278",2019-09-23 21:12:31,藤田 周
94,96,ちはら台コミュニティセンター,千葉県 市原市 ちはら台南 6丁目1-3,開設,,2019-09-24,施設開館時間内,,https://www.city.ichihara.chiba.jp/kurashi/bohanbosai/kinkyu/faxai/battery_charge.html,122190,千葉県,市原市,ちはら台南 6丁目1-3,"35.529224, 140.185073",2019-09-23 21:12:31,藤田 周
95,97,戸田コミュニティセンター,千葉県 市原市 馬立 733,開設,,2019-09-24,施設開館時間内,,https://www.city.ichihara.chiba.jp/kurashi/bohanbosai/kinkyu/faxai/battery_charge.html,122190,千葉県,市原市,馬立 733,"35.425850, 140.112227",2019-09-23 21:12:31,藤田 周
100,98,市原市 中央図書館,千葉県 市原市 更級 5丁目1-64,開設,,2019-09-24,施設開館時間内,,https://www.city.ichihara.chiba.jp/kurashi/bohanbosai/kinkyu/faxai/battery_charge.html,122190,千葉県,市原市,更級 5丁目1-64,"35.512063, 140.098773",2019-09-23 21:12:31,藤田 周
101,99,youホール,千葉県 市原市 更級 5丁目1-18,開設,,2019-09-24,施設開館時間内,,https://www.city.ichihara.chiba.jp/kurashi/bohanbosai/kinkyu/faxai/battery_charge.html,122190,千葉県,市原市,更級 5丁目1-18,"35.511962, 140.100071",2019-09-23 21:12:31,藤田 周
102,100,市原市 青少年会館,千葉県 市原市 八幡 1126-1,開設,,2019-09-24,施設開館時間内,,https://www.city.ichihara.chiba.jp/kurashi/bohanbosai/kinkyu/faxai/battery_charge.html,122190,千葉県,市原市,八幡 1126-1,"35.538591, 140.115692",2019-09-23 21:12:31,藤田 周
103,101,あずの里いちはら,千葉県 市原市 浅井小向 492-1,開設,,2019-09-24,施設開館時間内,,https://www.city.ichihara.chiba.jp/kurashi/bohanbosai/kinkyu/faxai/battery_charge.html,122190,千葉県,市原市,浅井小向 492-1,"35.463850, 140.109700",2019-09-23 21:12:31,藤田 周
104,102,市原SA（上り）,千葉県 市原市 今富字大作 1091-2,開設,,2019-09-24,24時間,,https://www.city.ichihara.chiba.jp/kurashi/bohanbosai/kinkyu/faxai/battery_charge.html,122190,千葉県,市原市,今富字大作 1091-2,"35.460652, 140.084930",2019-09-23 21:12:31,藤田 周
105,103,市原SA（下り）,千葉県 市原市 海保字中木々音 1154-1,開設,,2019-09-24,24時間,,https://www.city.ichihara.chiba.jp/kurashi/bohanbosai/kinkyu/faxai/battery_charge.html,122190,千葉県,市原市,海保字中木々音 1154-1,"35.458774, 140.085798",2019-09-23 21:12:31,藤田 周
96,104,辰巳台支所,千葉県 市原市 辰巳台西 3丁目14-1,閉鎖,,,,,https://www.city.ichihara.chiba.jp/kurashi/bohanbosai/kinkyu/faxai/battery_charge.html,122190,千葉県,市原市,辰巳台西 3丁目14-1,"35.520964, 140.146876",2019-09-23 21:12:31,藤田 周
97,105,三和支所,千葉県 市原市 海士有木 232-1,閉鎖,,,,,https://www.city.ichihara.chiba.jp/kurashi/bohanbosai/kinkyu/faxai/battery_charge.html,122190,千葉県,市原市,海士有木 232-1,"35.464390, 140.125425",2019-09-23 21:12:31,藤田 周
98,106,南総支所,千葉県 市原市 牛久 500,閉鎖,,,,,https://www.city.ichihara.chiba.jp/kurashi/bohanbosai/kinkyu/faxai/battery_charge.html,122190,千葉県,市原市,牛久 500,"35.401126, 140.134949",2019-09-23 21:12:31,藤田 周
99,107,有秋支所,千葉県 市原市 有秋台西 1丁目3-2,閉鎖,,,,,https://www.city.ichihara.chiba.jp/kurashi/bohanbosai/kinkyu/faxai/battery_charge.html,122190,千葉県,市原市,有秋台西 1丁目3-2,"35.453746, 140.050295",2019-09-23 21:12:31,藤田 周
106,108,鴨川市役所 1階ロビー,千葉県 鴨川市 横渚 1450,開設,,2019-09-24,"8:30 - 17:15
（火曜日は 8:30 - 19:00）",,http://www.city.kamogawa.lg.jp/kinkyu/1568179322614.html,122238,千葉県,鴨川市,横渚 1450,"35.114110, 140.098861",2019-09-23 21:13:41,藤田 周
107,109,鴨川オーシャンパーク 物産館2階レストラン,千葉県 鴨川市 江見太夫崎,開設,,2019-09-24,9:00 - 18:00,,http://www.city.kamogawa.lg.jp/kinkyu/1568179322614.html,122238,千葉県,鴨川市,江見太夫崎,"35.064027, 140.077087",2019-09-23 21:13:41,藤田 周
108,110,吉尾公民館,千葉県 鴨川市 松尾寺 454-2,開設,,2019-09-24,9:00 - 16:00,,http://www.city.kamogawa.lg.jp/kinkyu/1568179322614.html,122238,千葉県,鴨川市,松尾寺 454-2,"35.132634, 140.009259",2019-09-23 21:13:41,藤田 周
109,111,大山公民館,千葉県 鴨川市 金束 5,開設,,2019-09-24,9:00 - 16:00,,http://www.city.kamogawa.lg.jp/kinkyu/1568179322614.html,122238,千葉県,鴨川市,金束 5,"35.144277, 139.968169",2019-09-23 21:13:41,藤田 周
110,112,市立国保病院,千葉県 鴨川市 宮山 233,開設,,2019-09-24,"8:30 - 19:00
（日曜日、祝日は 13:00 - 19:00）",,http://www.city.kamogawa.lg.jp/kinkyu/1568179322614.html,122238,千葉県,鴨川市,宮山 233,"35.130955, 140.014897",2019-09-23 21:13:41,藤田 周
111,113,棚田倶楽部,千葉県 鴨川市 平塚 540,開設,,2019-09-24,"9:00 - 16:00
火曜は開設なし",,http://www.city.kamogawa.lg.jp/kinkyu/1568179322614.html,122238,千葉県,鴨川市,平塚 540,"35.130310, 139.973537",2019-09-23 21:13:41,藤田 周
113,114,小糸公民館,千葉県 君津市 糠田 55,不明,,,,,https://www.city.kimitsu.lg.jp/soshiki/6/22411.html,122254,千葉県,君津市,糠田 55,"35.305343, 139.969576",2019-09-23 21:15:54,藤田 周
113.1,115,清和公民館,千葉県 君津市 西粟倉 57,不明,,,,,https://www.city.kimitsu.lg.jp/soshiki/56/22261.html,122254,千葉県,君津市,西粟倉 57,"35.253526, 139.997291",2019-09-23 21:15:54,藤田 周
114,116,小櫃公民館,千葉県 君津市 末吉 128,不明,,,,,https://www.city.kimitsu.lg.jp/soshiki/6/22411.html,122254,千葉県,君津市,末吉 128,"35.327985, 140.059127",2019-09-23 21:15:54,藤田 周
114.1,117,上総地域交流センター,千葉県 君津市 久留里市場 192-5,不明,,,,,https://www.city.kimitsu.lg.jp/soshiki/56/22261.html,122254,千葉県,君津市,久留里市場 192-5,"35.295581, 140.076122",2019-09-23 21:15:54,藤田 周
112,118,周南公民館,千葉県 君津市 大山野 26,閉鎖,,,,,https://www.city.kimitsu.lg.jp/soshiki/6/22411.html,122254,千葉県,君津市,大山野 26,"35.295522, 139.930257",2019-09-23 21:15:54,藤田 周
114.2,119,わたしたちの生きる証,千葉県 富津市 長崎 274,開設,,2019-09-20,10:00 - 17:00,,https://www.city.futtsu.lg.jp/emergencyinfo/0000000279.html,122262,千葉県,富津市,長崎 274,"35.219124, 139.906301",2019-09-23 21:18:50,藤田 周
116,120,峰上公民館,千葉県 富津市 上後 300,不明,,,,,https://www.city.futtsu.lg.jp/emergencyinfo/0000000166.html,122262,千葉県,富津市,上後 300,"35.214325, 139.930879",2019-09-23 21:18:50,藤田 周
117,121,富津市民会館,千葉県 富津市 湊 765,不明,,,,,https://www.city.futtsu.lg.jp/emergencyinfo/0000000166.html,122262,千葉県,富津市,湊 765,"35.222696, 139.872627",2019-09-23 21:18:50,藤田 周
118,122,中央公民館（富津市）,千葉県 富津市 小久保 2958-1,不明,,,,,https://www.city.futtsu.lg.jp/emergencyinfo/0000000166.html,122262,千葉県,富津市,小久保 2958-1,"35.281954, 139.857694",2019-09-23 21:18:50,藤田 周
119,123,富津市役所 1階ロビー,千葉県 富津市 下飯野 2443,不明,,,,,https://www.city.futtsu.lg.jp/emergencyinfo/0000000166.html,122262,千葉県,富津市,下飯野 2443,"35.304205, 139.857132",2019-09-23 21:18:50,藤田 周
120,124,富津公民館,千葉県 富津市 新井 932-34,不明,,,,,https://www.city.futtsu.lg.jp/emergencyinfo/0000000166.html,122262,千葉県,富津市,新井 932-34,"35.319331, 139.828907",2019-09-23 21:18:50,藤田 周
115,125,関豊ふれあいシニア館,千葉県 富津市 豊岡 1355-1,閉鎖,,,,,https://www.city.futtsu.lg.jp/emergencyinfo/0000000166.html,122262,千葉県,富津市,豊岡 1355-1,"35.191226, 139.954436",2019-09-23 21:18:50,藤田 周
123,126,平川公民館,千葉県 袖ケ浦市 横田 115-1,開設,,2019-09-24,不明,,https://www.city.sodegaura.lg.jp/soshiki/hisho/20190918sienjoukyou.html,122297,千葉県,袖ケ浦市,横田 115-1,"35.387561, 140.037027",2019-09-23 21:41:46,藤田 周
124,127,平岡公民館,千葉県 袖ケ浦市 野里 1563-1,開設,,2019-09-24,不明,,https://www.city.sodegaura.lg.jp/soshiki/hisho/20190918sienjoukyou.html,122297,千葉県,袖ケ浦市,野里 1563-1,"35.403897, 140.043947",2019-09-23 21:41:46,藤田 周
126.1,128,長浦公民館,千葉県 袖ケ浦市 蔵波 513-1,開設,,2019-09-24,不明,,https://www.city.sodegaura.lg.jp/soshiki/hisho/20190918sienjoukyou.html,122297,千葉県,袖ケ浦市,蔵波 513-1,"35.440964, 140.005853",2019-09-23 21:41:46,藤田 周
121,129,袖ケ浦市役所,千葉県 袖ケ浦市 坂戸市場 1-1,不明,,2019-09-24,不明,,https://www.city.sodegaura.lg.jp/soshiki/hisho/20190918sienjoukyou.html,122297,千葉県,袖ケ浦市,坂戸市場 1-1,"35.430542, 139.954256",2019-09-23 21:41:46,藤田 周
122,130,袖ケ浦市民会館,千葉県 袖ケ浦市 坂戸市場 1566,不明,,2019-09-24,不明,,https://www.city.sodegaura.lg.jp/soshiki/hisho/20190918sienjoukyou.html,122297,千葉県,袖ケ浦市,坂戸市場 1566,"35.423187, 139.953627",2019-09-23 21:41:46,藤田 周
125,131,中央図書館,千葉県 袖ケ浦市 坂戸市場 1393-2,不明,,2019-09-24,不明,,https://www.city.sodegaura.lg.jp/soshiki/hisho/20190918sienjoukyou.html,122297,千葉県,袖ケ浦市,坂戸市場 1393-2,"35.426504, 139.953505",2019-09-23 21:41:46,藤田 周
126,132,長浦おかのうえ図書館,千葉県 袖ケ浦市 蔵波 634-1,不明,,2019-09-24,不明,,https://www.city.sodegaura.lg.jp/soshiki/hisho/20190918sienjoukyou.html,122297,千葉県,袖ケ浦市,蔵波 634-1,"35.441028, 140.005883",2019-09-23 21:41:46,藤田 周
127,133,八街市役所,千葉県 八街市 八街ほ 35-29,開設,,2019-09-23,24時間,,https://www.city.yachimata.lg.jp/soshiki/8/17099.html,122301,千葉県,八街市,八街ほ 35-29,"35.665981, 140.317964",2019-09-23 21:20:12,藤田 周
142,134,スポーツプラザ,千葉県 八街市 八街い 84-10,閉鎖,,,,,https://www.city.yachimata.lg.jp/soshiki/8/17099.html,122301,千葉県,八街市,八街い 84-10,"35.649084, 140.275826",2019-09-23 21:20:12,藤田 周
128,135,二区コミュニティセンター,千葉県 八街市 八街に 45-79,閉鎖,,,,,https://www.city.yachimata.lg.jp/soshiki/8/17099.html,122301,千葉県,八街市,八街に 45-79,"35.661950, 140.340529",2019-09-23 21:20:12,藤田 周
129,136,八街少年院,千葉県 八街市 滝台 1766,閉鎖,,,,,https://www.city.yachimata.lg.jp/soshiki/8/17099.html,122301,千葉県,八街市,滝台 1766,"35.585819, 140.309044",2019-09-23 21:20:12,藤田 周
130,137,ジムナシオン成田,千葉県 成田市 本三里塚 1001-512,閉鎖,,,,,https://www.city.yachimata.lg.jp/soshiki/8/17099.html,122301,千葉県,成田市,本三里塚 1001-512,"35.758856, 140.371887",2019-09-23 21:20:12,藤田 周
132,138,文違コミュニティセンター,千葉県 八街市 文違 301-144,閉鎖,,,,,https://www.city.yachimata.lg.jp/soshiki/8/17099.html,122301,千葉県,八街市,文違 301-144,"35.676567, 140.316429",2019-09-23 21:20:12,藤田 周
133,139,アイ・エス・ガステム（株）,千葉県 八街市 八街い 186-4,閉鎖,,,,,https://www.city.yachimata.lg.jp/soshiki/8/17099.html,122301,千葉県,八街市,八街い 186-4,"35.651230, 140.293917",2019-09-23 21:20:12,藤田 周
134,140,総武建設（株）,千葉県 八街市 八街ほ 310-2,閉鎖,,,,,https://www.city.yachimata.lg.jp/soshiki/8/17099.html,122301,千葉県,八街市,八街ほ 310-2,"35.658761, 140.317567",2019-09-23 21:20:12,藤田 周
135,141,Nuts Up?,千葉県 八街市 八街ほ 240-32,閉鎖,,,,,https://www.city.yachimata.lg.jp/soshiki/8/17099.html,122301,千葉県,八街市,八街ほ 240-32,"35.661827, 140.319456",2019-09-23 21:20:12,藤田 周
136,142,エル・シー・エル（株）,千葉県 八街市 沖 1783-3,閉鎖,,,,,https://www.city.yachimata.lg.jp/soshiki/8/17099.html,122301,千葉県,八街市,沖 1783-3,"35.599297, 140.271662",2019-09-23 21:20:12,藤田 周
137,143,エネオス八街店,千葉県 八街市 八街ほ 732-1,閉鎖,,,,,https://www.city.yachimata.lg.jp/soshiki/8/16821.html,122301,千葉県,八街市,八街ほ 732-1,"35.655481, 140.299244",2019-09-23 21:20:12,藤田 周
138,144,長谷川病院,千葉県 八街市 八街に 85,閉鎖,,,,,https://www.city.yachimata.lg.jp/soshiki/8/17099.html,122301,千葉県,八街市,八街に 85,"35.661941, 140.324995",2019-09-23 21:20:12,藤田 周
140,145,フッカーズ,千葉県 八街市 文違 301-937,閉鎖,,,,,https://www.city.yachimata.lg.jp/soshiki/8/17099.html,122301,千葉県,八街市,文違 301-937,"35.680674, 140.314593",2019-09-23 21:20:12,藤田 周
141,146,（株）八光電気工業,千葉県 八街市 用草 1325,閉鎖,,,,,https://www.city.yachimata.lg.jp/soshiki/8/17099.html,122301,千葉県,八街市,用草 1325,"35.635507, 140.265772",2019-09-23 21:20:12,藤田 周
141.1,147,ヴィヴィレリビングストック（株）,千葉県 八街市 八街ほ 945-91,閉鎖,,,,,https://www.city.yachimata.lg.jp/soshiki/8/17099.html,122301,千葉県,八街市,八街ほ 945-91,"35.654669, 140.304440",2019-09-23 21:20:12,藤田 周
139,148,吉倉区コミュニティセンター,千葉県 八街市 吉倉 199-1,閉鎖,,,,,https://www.city.yachimata.lg.jp/soshiki/8/17099.html,122301,千葉県,八街市,吉倉 199-1,"35.618801, 140.301269",2019-09-23 21:20:12,藤田 周
142.1,149,古川歯科医院,千葉県 八街市 八街い 77-120,閉鎖,,,,,https://www.city.yachimata.lg.jp/soshiki/8/16821.html,122301,千葉県,八街市,八街い 77-120,"35.651239, 140.270000",2019-09-23 21:20:12,藤田 周
131,150,文違ニュータウン自治会事務所,千葉県 八街市 文違 157-47,閉鎖,,,,,https://www.city.yachimata.lg.jp/soshiki/8/17099.html,122301,千葉県,八街市,文違 157-47,"35.677081, 140.322733",2019-09-23 21:20:12,藤田 周
143,151,富里市役所保健センター,千葉県 富里市 七栄 652-1,開設,,2019-09-24,24時間,,http://www.city.tomisato.lg.jp/emergencyinfo/0000000105.html,122335,千葉県,富里市,七栄 652-1,"35.727320, 140.342834",2020-05-23 23:36:04,藤田 周
144,152,農林業センター,千葉県 富里市 御料 695-2,閉鎖,,,,,http://www.city.tomisato.lg.jp/emergencyinfo/0000000105.html,122335,千葉県,富里市,御料 695-2,"35.717547, 140.367796",2020-05-23 23:36:04,藤田 周
145,153,北部コミュニティセンター,千葉県 富里市 日吉台 3丁目24-1,閉鎖,,,,,http://www.city.tomisato.lg.jp/emergencyinfo/0000000105.html,122335,千葉県,富里市,日吉台 3丁目24-1,"35.766148, 140.321496",2020-05-23 23:36:04,藤田 周
146,154,中部ふれあいセンター,千葉県 富里市 七栄 448-10,閉鎖,,,,,http://www.city.tomisato.lg.jp/emergencyinfo/0000000105.html,122335,千葉県,富里市,七栄 448-10,"35.739584, 140.322692",2020-05-23 23:36:04,藤田 周
147,155,旧洗心小学校,千葉県 富里市 十倉 732-3,閉鎖,,,,,http://www.city.tomisato.lg.jp/emergencyinfo/0000000105.html,122335,千葉県,富里市,十倉 732-3,"35.683605, 140.387055",2020-05-23 23:36:04,藤田 周
148,156,四区集会所,千葉県 富里市 十倉 2346-3,閉鎖,,,,,http://www.city.tomisato.lg.jp/emergencyinfo/0000000105.html,122335,千葉県,富里市,十倉 2346-3,"35.686662, 140.338769",2020-05-23 23:36:04,藤田 周
148.1,157,南房総市役所 本庁,千葉県 南房総市 富浦町青木 28,開設,,2019-09-24,不明,,http://www.city.minamiboso.chiba.jp/0000012588.html,122343,千葉県,南房総市,富浦町青木 28,"35.042751, 139.839887",2019-09-23 21:24:04,
149,158,富浦こども園（旧八束小学校）,千葉県 南房総市 富浦町深名 710-1,不明,,2019-09-24,不明,避難者のみ対象？,http://www.city.minamiboso.chiba.jp/0000012588.html,122343,千葉県,南房総市,富浦町深名 710-1,"35.041393, 139.852521",2019-09-23 21:24:04,藤田 周
150,159,富山ふれあいコミュニティセンター（旧富山公民館）,千葉県 南房総市 久枝 327,不明,,2019-09-24,不明,避難者のみ対象？,http://www.city.minamiboso.chiba.jp/0000012588.html,122343,千葉県,南房総市,久枝 327,"35.099048, 139.846123",2019-09-23 21:24:04,藤田 周
151,160,富山コミュニティセンター,千葉県 南房総市 平久里中 1350-1,不明,,2019-09-24,不明,避難者のみ対象？,http://www.city.minamiboso.chiba.jp/0000012588.html,122343,千葉県,南房総市,平久里中 1350-1,"35.097509, 139.915547",2019-09-23 21:24:04,藤田 周
152,161,三芳農村環境改善センター,千葉県 南房総市 谷向 100,不明,,2019-09-24,不明,避難者のみ対象？,http://www.city.minamiboso.chiba.jp/0000012588.html,122343,千葉県,南房総市,谷向 100,"35.026197, 139.896172",2019-09-23 21:24:04,藤田 周
153,162,白浜コミュニティセンター,千葉県 南房総市 白浜町白浜 14955,不明,,2019-09-24,不明,避難者のみ対象？,http://www.city.minamiboso.chiba.jp/0000012588.html,122343,千葉県,南房総市,白浜町白浜 14955,"34.908866, 139.895797",2019-09-23 21:24:04,藤田 周
154,163,ちくら介護予防センターゆらり,千葉県 南房総市 千倉町瀬戸 2705-6,不明,,2019-09-24,不明,避難者のみ対象？,http://www.city.minamiboso.chiba.jp/0000012588.html,122343,千葉県,南房総市,千倉町瀬戸 2705-6,"34.974583, 139.960896",2019-09-23 21:24:04,藤田 周
155,164,丸山公民館,千葉県 南房総市 岩糸 2489,不明,,2019-09-24,不明,避難者のみ対象？,http://www.city.minamiboso.chiba.jp/0000012588.html,122343,千葉県,南房総市,岩糸 2489,"35.021840, 139.962566",2019-09-23 21:24:04,藤田 周
156,165,和田コミュニティセンター,千葉県 南房総市 和田町仁我浦 206,不明,,2019-09-24,不明,避難者のみ対象？,http://www.city.minamiboso.chiba.jp/0000012588.html,122343,千葉県,南房総市,和田町仁我浦 206,"35.042296, 140.020313",2019-09-23 21:24:04,藤田 周
157,166,匝瑳市役所,千葉県 匝瑳市 八日市場ハ 793-2,開設,,2019-09-24,6:00 - 24:00,18時から24時までと6時から8時30分までは庁舎東側・守衛室前で受け付け,https://www.city.sosa.lg.jp/page/page002729.html,122351,千葉県,匝瑳市,八日市場ハ 793-2,"35.708205, 140.564517",2019-09-23 21:25:29,藤田 周
158,167,野栄総合支所,千葉県 匝瑳市 今泉 6474,開設,,2019-09-24,8:30 - 17:15,,https://www.city.sosa.lg.jp/page/page002729.html,122351,千葉県,匝瑳市,今泉 6474,"35.660775, 140.569404",2019-09-23 21:25:29,藤田 周
159,168,市民ふれあいセンター,千葉県 匝瑳市 八日市場ハ 793-35,開設,,2019-09-24,24時間,自主避難所,https://www.city.sosa.lg.jp/page/page002729.html,122351,千葉県,匝瑳市,八日市場ハ 793-35,"35.708768, 140.564882",2019-09-23 21:25:29,藤田 周
160,169,生涯学習センター,千葉県 匝瑳市 今泉 6489-1,開設,,2019-09-24,開館時間中,,https://www.city.sosa.lg.jp/page/page002729.html,122351,千葉県,匝瑳市,今泉 6489-1,"35.660318, 140.568556",2019-09-23 21:25:29,藤田 周
161,170,勤労青少年ホーム,千葉県 匝瑳市 八日市場イ 2030,開設,,2019-09-24,開館時間中,,https://www.city.sosa.lg.jp/page/page002729.html,122351,千葉県,匝瑳市,八日市場イ 2030,"35.701909, 140.545902",2019-09-23 21:25:29,藤田 周
162,171,香取市役所 本庁舎ロビー,千葉県 香取市 佐原ロ 2127,不明,,,,,http://www.city.katori.lg.jp/living/anzen_anshin/oshirase/juden20190911.html,122360,千葉県,香取市,佐原ロ 2127,"35.897945, 140.499406",2019-09-23 21:26:19,藤田 周
163,172,小見川支所（いぶき館）避難所受付コーナー,千葉県 香取市 羽根川 38,不明,,,,,http://www.city.katori.lg.jp/living/anzen_anshin/oshirase/juden20190911.html,122360,千葉県,香取市,羽根川 38,"35.847144, 140.602496",2019-09-23 21:26:19,藤田 周
164,173,香取市山田支所 ロビー,千葉県 香取市 仁良 300-1,不明,,,,,http://www.city.katori.lg.jp/living/anzen_anshin/oshirase/juden20190911.html,122360,千葉県,香取市,仁良 300-1,"35.803510, 140.575238",2019-09-23 21:26:19,藤田 周
165,174,栗源支所 1階多目的スペース,千葉県 香取市 岩部 700,不明,,,,,http://www.city.katori.lg.jp/living/anzen_anshin/oshirase/juden20190911.html,122360,千葉県,香取市,岩部 700,"35.810129, 140.501861",2019-09-23 21:26:19,藤田 周
166,175,佐原中央公民館 避難所受付コーナー,千葉県 香取市 佐原イ 211,不明,,,,,http://www.city.katori.lg.jp/living/anzen_anshin/oshirase/juden20190911.html,122360,千葉県,香取市,佐原イ 211,"35.894952, 140.495176",2019-09-23 21:26:19,藤田 周
168,176,香取市商工会,千葉県 香取市 小見川 778-2,不明,,,,,http://www.city.katori.lg.jp/living/anzen_anshin/oshirase/juden20190911.html,122360,千葉県,香取市,小見川 778-2,"35.852713, 140.608089",2019-09-23 21:26:19,藤田 周
169,177,道の駅水の郷さわら 情報コーナー,千葉県 香取市 佐原イ 3981-2,不明,,,,,http://www.city.katori.lg.jp/living/anzen_anshin/oshirase/juden20190911.html,122360,千葉県,香取市,佐原イ 3981-2,"35.895786, 140.506978",2019-09-23 21:26:19,藤田 周
167,178,山田公民館 避難所受付コーナー,千葉県 香取市 長岡 1303-2,閉鎖,,,,,http://www.city.katori.lg.jp/living/anzen_anshin/oshirase/juden20190911.html,122360,千葉県,香取市,長岡 1303-2,"35.802030, 140.574839",2019-09-23 21:26:19,藤田 周
170,179,山武市役所 第1会議室,千葉県 山武市 殿台 296,不明,,,,,https://www.city.sammu.lg.jp/soshiki/6/taihuu15-taiou.html,122378,千葉県,山武市,殿台 296,"35.602828, 140.413990",2019-09-23 21:28:17,藤田 周
171,180,松尾IT保健福祉センター,千葉県 山武市 松尾町五反田 3012,不明,,,,,https://www.city.sammu.lg.jp/soshiki/6/taihuu15-taiou.html,122378,千葉県,山武市,松尾町五反田 3012,"35.637465, 140.460658",2019-09-23 21:28:17,藤田 周
172,181,さんぶの森交流センターあららぎ館,千葉県 山武市 埴谷 1884-1,不明,,,,,https://www.city.sammu.lg.jp/soshiki/6/taihuu15-taiou.html,122378,千葉県,山武市,埴谷 1884-1,"35.641259, 140.376247",2019-09-23 21:28:17,藤田 周
173,182,さんぶの森中央会館,千葉県 山武市 埴谷 1904-3,不明,,,,,https://www.city.sammu.lg.jp/soshiki/6/taihuu15-taiou.html,122378,千葉県,山武市,埴谷 1904-3,"35.642908, 140.367676",2019-09-23 21:28:17,藤田 周
174,183,ヤックスドラッグ日向店,千葉県 山武市 木原 58-1,不明,,,,,https://www.city.sammu.lg.jp/soshiki/6/taihuu15-taiou.html,122378,千葉県,山武市,木原 58-1,"35.634752, 140.356096",2019-09-23 21:28:17,藤田 周
175,184,山武北小学校 1階ふれあい広場,千葉県 山武市 沖渡 699,不明,,,,,https://www.city.sammu.lg.jp/soshiki/6/taihuu15-taiou.html,122378,千葉県,山武市,沖渡 699,"35.674168, 140.359692",2019-09-23 21:28:17,藤田 周
176,185,中央公民館（大網白里市）,千葉県 大網白里市 大網 121-2,開設,,2019-09-22,"8:30 - 21:00
施設開館日のみ",,http://www.city.oamishirasato.lg.jp/emergencyinfo/0000000066.html,122394,千葉県,大網白里市,大網 121-2,"35.522327, 140.320334",2019-09-23 21:31:01,藤田 周
177,186,中部コミュニティセンター,千葉県 大網白里市 柿餅 26-1,開設,,2019-09-22,"8:30 - 17:00
施設開館日のみ",,http://www.city.oamishirasato.lg.jp/emergencyinfo/0000000066.html,122394,千葉県,大網白里市,柿餅 26-1,"35.508703, 140.350401",2019-09-23 21:31:01,藤田 周
178,187,大網白里アリーナ,千葉県 大網白里市 上貝塚 160,開設,,2019-09-22,"8:30 - 21:00
施設開館日のみ",,http://www.city.oamishirasato.lg.jp/emergencyinfo/0000000066.html,122394,千葉県,大網白里市,上貝塚 160,"35.519322, 140.344513",2019-09-23 21:31:01,藤田 周
178.1,188,白里公民館,千葉県 大網白里市 南今泉 1088-1,開設,,2019-09-22,"8:30 - 17:00
施設開館日のみ",,http://www.city.oamishirasato.lg.jp/emergencyinfo/0000000066.html,122394,千葉県,大網白里市,南今泉 1088-1,"35.492680, 140.400308",2019-09-23 21:31:01,藤田 周
179,189,神崎ふれあいプラザ,千葉県 香取郡 神崎町 神崎本宿 96,閉鎖,,,,,https://www.town.kozaki.chiba.jp/01kurashi/bousai/saigai.html,123421,千葉県,香取郡 神崎町,神崎本宿 96,"35.901755, 140.402953",2019-09-23 21:36:01,藤田 周
180,190,JR下総神崎駅ステーションホール,千葉県 香取郡 神崎町 郡,閉鎖,,,,,https://www.town.kozaki.chiba.jp/01kurashi/bousai/saigai.html,123421,千葉県,香取郡 神崎町,郡,"35.894933, 140.410408",2019-09-23 21:36:01,藤田 周
181,191,多古町役場,千葉県 多古町 多古 584,閉鎖,,,,,https://www.town.tako.chiba.jp/emergency/2019091900012/,123471,千葉県,多古町,多古 584,"35.735608, 140.467719",2019-09-23 21:36:08,藤田 周
182,192,多古町コミュニティプラザ,千葉県 多古町 多古 2855,閉鎖,,,,,https://www.town.tako.chiba.jp/emergency/2019091900012/,123471,千葉県,多古町,多古 2855,"35.740716, 140.467995",2019-09-23 21:36:08,藤田 周
183,193,道の駅多古,千葉県 多古町 多古 1069-1,閉鎖,,,,,https://www.town.tako.chiba.jp/emergency/2019091900012/,123471,千葉県,多古町,多古 1069-1,"35.731432, 140.475254",2019-09-23 21:36:08,藤田 周
184,194,旧第二小学校,千葉県 多古町 喜多 305,閉鎖,,,,,https://www.town.tako.chiba.jp/emergency/2019091900012/,123471,千葉県,多古町,喜多 305,"35.752132, 140.448507",2019-09-23 21:36:08,藤田 周
185,195,旧第三小学校,千葉県 多古町 牛尾 2053-2,閉鎖,,,,,https://www.town.tako.chiba.jp/emergency/2019091900012/,123471,千葉県,多古町,牛尾 2053-2,"35.710726,140.456979",2019-09-23 21:36:08,藤田 周
186,196,中村小学校,千葉県 多古町 南中 349-2,閉鎖,,,,,https://www.town.tako.chiba.jp/emergency/2019091900012/,123471,千葉県,多古町,南中 349-2,"35.740313, 140.490689",2019-09-23 21:36:08,藤田 周
187,197,芝山町役場,千葉県 芝山町 小池 992,閉鎖,,,,,http://www.town.shibayama.lg.jp/emergencyinfo/0000000012.html,124095,千葉県,芝山町,小池 992,"35.692925, 140.414489",2019-09-23 21:36:27,藤田 周
188,198,芝山町中央公民館,千葉県 芝山町 小池 982,閉鎖,,,,,http://www.town.shibayama.lg.jp/emergencyinfo/0000000012.html,124095,千葉県,芝山町,小池 982,"35.693161, 140.414213",2019-09-23 21:36:27,藤田 周
189,199,福祉センター「やすらぎの里」,千葉県 芝山町 飯櫃 126-1,閉鎖,,,,,http://www.town.shibayama.lg.jp/emergencyinfo/0000000012.html,124095,千葉県,芝山町,飯櫃 126-1,"35.727387, 140.417673",2019-09-23 21:36:27,藤田 周
190,200,航空科学博物館,千葉県 芝山町 岩山 111-3,閉鎖,,,,,http://www.town.shibayama.lg.jp/emergencyinfo/0000000012.html,124095,千葉県,芝山町,岩山 111-3,"35.740413, 140.397778",2019-09-23 21:36:27,藤田 周
191,201,芝山千代田駅,千葉県 芝山町 香山新田 148-1,閉鎖,,,,,http://www.town.shibayama.lg.jp/emergencyinfo/0000000012.html,124095,千葉県,芝山町,香山新田 148-1,"35.754115, 140.399565",2019-09-23 21:36:27,藤田 周
192,202,エハラピーナツ,千葉県 芝山町 新井田 52-26,閉鎖,,,,,http://www.town.shibayama.lg.jp/emergencyinfo/0000000012.html,124095,千葉県,芝山町,新井田 52-26,"35.698297, 140.408690",2019-09-23 21:36:27,藤田 周
193,203,サテライト成田,千葉県 芝山町 小池,閉鎖,,,,,http://www.town.shibayama.lg.jp/emergencyinfo/0000000012.html,124095,千葉県,芝山町,小池,"35.695703, 140.409829",2019-09-23 21:36:27,藤田 周
194,204,道の駅 風和里しばやま,千葉県 芝山町 小池 2568,閉鎖,,,,,http://www.town.shibayama.lg.jp/emergencyinfo/0000000012.html,124095,千葉県,芝山町,小池 2568,"35.695159, 140.410030",2019-09-23 21:36:27,藤田 周
195,205,金森メタル（株）,千葉県 芝山町 岩山 2246-1,閉鎖,,,,,http://www.town.shibayama.lg.jp/emergencyinfo/0000000012.html,124095,千葉県,芝山町,岩山 2246-1,"35.733904, 140.374193",2019-09-23 21:36:27,藤田 周
196,206,町民会館,千葉県 横芝光町 宮川 11907-2,開設,,2019-09-24,8:30 - 17:00,,http://www.town.yokoshibahikari.chiba.jp/,124109,千葉県,横芝光町,宮川 11907-2,"35.665472, 140.505541",2019-09-23 21:37:34,藤田 周
197,207,横芝光町役場 ロビー,千葉県 横芝光町 宮川 11902,開設,,2019-09-24,8:30 - 17:15,,http://www.town.yokoshibahikari.chiba.jp/,124109,千葉県,横芝光町,宮川 11902,"35.665778, 140.503926",2019-09-23 21:37:34,藤田 周
198,208,横芝光町図書館,千葉県 横芝光町 宮川 11917,休止,,2019-09-24,"9:30 - 18:00
24日は休止",,http://www.town.yokoshibahikari.chiba.jp/,124109,千葉県,横芝光町,宮川 11917,"35.667381, 140.506103",2019-09-23 21:37:34,藤田 周
199,209,文化会館,千葉県 横芝光町 横芝 922-1,休止,,2019-09-24,"8:30 - 17:15
23, 24日は休止",,http://www.town.yokoshibahikari.chiba.jp/,124109,千葉県,横芝光町,横芝 922-1,"35.663608, 140.487483",2019-09-23 21:37:34,藤田 周
210,210,長柄町福祉センター,千葉県 長柄町 桜谷 712,不明,,2019-09-24,,,https://www.town.nagara.chiba.jp/soshiki/1/3114.html,124265,千葉県,長柄町,桜谷 712,"35.431324, 140.227931",2019-09-23 21:38:10,藤田 周
213,211,長南町役場 住民ホール,千葉県 長南町 長南 2110,閉鎖,,,,,https://www.town.chonan.chiba.jp/osirase/20982/,124273,千葉県,長南町,長南 2110,"35.386511, 140.237120",2019-09-23 21:38:10,藤田 周
221,212,大多喜町役場 本庁舎,千葉県 大多喜町 大多喜 93,不明,,2019-09-24,,,http://www.town.otaki.chiba.jp/news/index.cfm/detail.1.14018.html,124419,千葉県,大多喜町,大多喜 93,"35.285235, 140.245493",2019-09-23 21:38:10,藤田 周
223,213,鋸南町役場本庁,千葉県 鋸南町 下佐久間 3458,開設,,2019-09-24,8:00 - 18:00,,http://www.town.kyonan.chiba.jp/kyonan/information/information15991/,124630,千葉県,鋸南町,下佐久間 3458,"35.111251, 139.835721",2019-09-23 21:38:10,藤田 周
224,214,保健福祉総合センターすこやか,千葉県 鋸南町 保田 560,開設,,2019-09-24,9:00 - 17:00,,http://www.town.kyonan.chiba.jp/kyonan/information/information15991/,124630,千葉県,鋸南町,保田 560,"35.140526, 139.842588",2019-09-23 21:38:10,藤田 周