名称,所在地,ステータス,マッピングに関する特記事項,日付,開設時間,給水に関する特記事項,出典,出典に関する特記事項,都道府県,市区町村,市区町村以下,緯度,経度,出典最終確認日時,確認担当者
JA呉三高支店,広島県 江田島市 沖美町三吉 2618-2,閉鎖,,,,,"http://www.city.etajima.hiroshima.jp/cms/articles/show/5607
http://www.mod.go.jp/j/approach/defense/saigai/h30_ooame/index.html",,広島県,江田島市,沖美町三吉 2618-2,34.2582020,132.4061000,2018-08-10 0:12:20,藤田 周
沖美ふれあいセンター,広島県 江田島市 沖美町美能 833-5,閉鎖,,,,,"http://www.city.etajima.hiroshima.jp/cms/articles/show/5607
http://www.mod.go.jp/j/approach/defense/saigai/h30_ooame/index.html",,広島県,江田島市,沖美町美能 833-5,34.2566130,132.3829190,2018-08-10 0:12:20,藤田 周
関西美人酒造跡地（三吉）,広島県 江田島市 沖美町三吉 2118-1,閉鎖,,,,,"http://www.city.etajima.hiroshima.jp/cms/articles/show/5607
http://www.mod.go.jp/j/approach/defense/saigai/h30_ooame/index.html",,広島県,江田島市,沖美町三吉 2118-1,34.2516840,132.4065630,2018-08-10 0:12:20,藤田 周
高祖多目的集会所,広島県 江田島市 沖美町高祖 146-1,閉鎖,,,,,"http://www.city.etajima.hiroshima.jp/cms/articles/show/5607
http://www.mod.go.jp/j/approach/defense/saigai/h30_ooame/index.html",,広島県,江田島市,沖美町高祖 146-1,34.2596030,132.3988240,2018-08-10 0:12:20,藤田 周
美能漁業協同組合前,広島県 江田島市 沖美町美能 1010,閉鎖,,,,,"http://www.city.etajima.hiroshima.jp/cms/articles/show/5607
http://www.mod.go.jp/j/approach/defense/saigai/h30_ooame/index.html",,広島県,江田島市,沖美町美能 1010,34.2535060,132.3803220,2018-08-10 0:12:20,藤田 周
沖美市民センター,広島県 江田島市 沖美町畑 995,閉鎖,,,,,http://www.city.etajima.hiroshima.jp/cms/articles/show/5607,,広島県,江田島市,沖美町畑 995,34.2095730,132.4050500,2018-08-10 0:12:20,藤田 周
JA呉沖支店前,広島県 江田島市 沖美町岡大王 554-3,閉鎖,,,,,http://www.city.etajima.hiroshima.jp/cms/articles/show/5607,,広島県,江田島市,沖美町岡大王 554-3,34.2038950,132.4096570,2018-08-10 0:12:20,藤田 周
JA呉是長ふれあい店前,広島県 江田島市 沖美町是長 804,閉鎖,,,,,http://www.city.etajima.hiroshima.jp/cms/articles/show/5607,,広島県,江田島市,沖美町是長 804,34.2160050,132.3957530,2018-08-10 0:12:20,藤田 周
旧西中商店駐車場,広島県 江田島市 【地区名以下不明】,閉鎖,,,,,http://www.city.etajima.hiroshima.jp/cms/articles/show/5607,,広島県,江田島市,【地区名以下不明】,,,2018-08-10 0:12:20,藤田 周
第1術科学校構内,広島県 江田島市 江田島町国有無番地,閉鎖,,,,,http://www.city.etajima.hiroshima.jp/cms/articles/show/5607,,広島県,江田島市,江田島町国有無番地,34.2451770,132.4738440,2018-08-10 0:12:20,藤田 周
宮ノ原交流プラザ,広島県 江田島市 江田島町宮ノ原 2丁目21-1,閉鎖,,,,,http://www.city.etajima.hiroshima.jp/cms/articles/show/5607,,広島県,江田島市,江田島町宮ノ原 2丁目21-1,34.2530310,132.4608630,2018-08-10 0:12:20,藤田 周
小用みなと公園,広島県 江田島市 江田島町小用 2-1,閉鎖,,,,,http://www.city.etajima.hiroshima.jp/cms/articles/show/5607,,広島県,江田島市,江田島町小用 2-1,34.2494130,132.4930090,2018-08-10 0:12:20,藤田 周
海上自衛隊鷲部官舎駐車場,広島県 江田島市 江田島町鷲部 2丁目2,閉鎖,江田島町鷲部の「海上自衛隊江ノ口特借宿舎」にマッピング,,,,http://www.city.etajima.hiroshima.jp/cms/articles/show/5607,,広島県,江田島市,江田島町鷲部 2丁目2,34.2340410,132.4777400,2018-08-10 0:12:20,藤田 周
能美市民センター,広島県 江田島市 能美町中町 4859-9,閉鎖,,,,,http://www.city.etajima.hiroshima.jp/cms/articles/show/5607,,広島県,江田島市,能美町中町 4859-9,34.2229563,132.4426572,2018-08-10 0:12:20,藤田 周
能美運動公園,広島県 江田島市 能美町鹿川 2041-5,閉鎖,,,,,http://www.city.etajima.hiroshima.jp/cms/articles/show/5607,,広島県,江田島市,能美町鹿川 2041-5,34.2113090,132.4442430,2018-08-10 0:12:20,藤田 周
高田桟橋駐車場南側,広島県 江田島市 能美町高田【番地以下不明】,閉鎖,「高田港待合所」付近の駐車場の南側にマッピング,,,,http://www.city.etajima.hiroshima.jp/cms/articles/show/5607,,広島県,江田島市,能美町高田【番地以下不明】,34.2361110,132.4351170,2018-08-10 0:12:20,藤田 周
三高支所,広島県 江田島市 沖美町三吉 2777,閉鎖,,,,,http://www.city.etajima.hiroshima.jp/cms/articles/show/5607,,広島県,江田島市,沖美町三吉 2777,34.2585550,132.4067730,2018-08-10 0:12:20,藤田 周
旧切串中学校,広島県 江田島市 江田島町切串 1丁目11-2,閉鎖,,,,,http://www.city.etajima.hiroshima.jp/cms/articles/show/5607,,広島県,江田島市,江田島町切串 1丁目11-2,34.2839470,132.4786090,2018-08-10 0:12:20,藤田 周
旧秋月小学校,広島県 江田島市 江田島町秋月 2丁目49-53,閉鎖,,,,,http://www.city.etajima.hiroshima.jp/cms/articles/show/5607,,広島県,江田島市,江田島町秋月 2丁目49-53,34.2271480,132.4909760,2018-08-10 0:12:20,藤田 周
大柿市民センター（旧大柿公民館）,広島県 江田島市 大柿町大原 535-2,閉鎖,,,,,http://www.city.etajima.hiroshima.jp/cms/articles/show/5607,,広島県,江田島市,大柿町大原 535-2,34.1746960,132.4634820,2018-08-10 0:12:20,藤田 周
ゆめタウン江田島駐車場,広島県 江田島市 大柿町飛渡瀬 180,閉鎖,,,,,http://www.city.etajima.hiroshima.jp/cms/articles/show/5607,,広島県,江田島市,大柿町飛渡瀬 180,34.2055480,132.4728660,2018-08-10 0:12:20,藤田 周
さとうみ科学館,広島県 江田島市 大柿町深江 1073-1,閉鎖,,,,,http://www.city.etajima.hiroshima.jp/cms/articles/show/5607,,広島県,江田島市,大柿町深江 1073-1,34.1696370,132.4518670,2018-08-10 0:12:20,藤田 周
江田島市民センター,広島県 江田島市 中央 1丁目1-1,閉鎖,,,,,http://www.city.etajima.hiroshima.jp/cms/articles/show/5607,,広島県,江田島市,中央 1丁目1-1,34.2464280,132.4779020,2018-08-10 0:12:20,藤田 周
鹿川小学校,広島県 江田島市 能美町鹿川 2788,閉鎖,,,,,http://www.city.etajima.hiroshima.jp/cms/articles/show/5607,,広島県,江田島市,能美町鹿川 2788,34.2004910,132.4405090,2018-08-10 0:12:20,藤田 周
飛渡瀬消防屯所,広島県 江田島市 大柿町飛渡瀬 24−6,閉鎖,「江田島市消防団 飛渡瀬分団」にマッピング,,,,http://www.city.etajima.hiroshima.jp/cms/articles/show/5607,,広島県,江田島市,大柿町飛渡瀬 24−6,34.2069930,132.4719430,2018-08-10 0:12:20,藤田 周
神村14区集会所,広島県 福山市 神村町【番地以下不明】,閉鎖,,,,水道管復旧のため終了,http://www.city.fukuyama.hiroshima.jp/site/jougesui/123811.html,リンク切れ,広島県,福山市,神村町【番地以下不明】,,,2018-08-10 0:12:30,藤田 周
奥田集会所南,広島県 福山市 神村町【番地以下不明】,閉鎖,,,,水道管復旧のため終了,http://www.city.fukuyama.hiroshima.jp/site/jougesui/123811.html,リンク切れ,広島県,福山市,神村町【番地以下不明】,34.4843860,133.2718900,2018-08-10 0:12:30,藤田 周
長者ヶ原集会所,広島県 福山市 赤坂町【番地以下不明】,閉鎖,「長者ヶ原公民館」にマッピング,,,水道管復旧のため終了,http://www.city.fukuyama.hiroshima.jp/site/jougesui/123811.html,リンク切れ,広島県,福山市,赤坂町【番地以下不明】,34.5019860,133.2863900,2018-08-10 0:12:30,藤田 周
木坂池 北東約100m,広島県 福山市 加茂町粟根【番地以下不明】,閉鎖,,,,リンク切れ,http://www.city.fukuyama.hiroshima.jp/site/jougesui/123811.html,リンク切れ,広島県,福山市,加茂町粟根【番地以下不明】,,,2018-08-10 0:12:30,藤田 周
旧原山会館,広島県 呉市 川尻町森 3丁目11-31,閉鎖,「原山会館」にマッピング,,,,https://www.city.kure.lg.jp/site/jougesui/kinkyuu-dansui20180707-02.html,,広島県,呉市,川尻町森 3丁目11-31,34.2362610,132.6860060,2018-08-10 0:12:50,藤田 周
川尻中学校グラウンド前,広島県 呉市 川尻町西 1丁目23-47,閉鎖,,,,,https://www.city.kure.lg.jp/site/jougesui/kinkyuu-dansui20180707-02.html,,広島県,呉市,川尻町西 1丁目23-47,34.2317160,132.6929250,2018-08-10 0:12:50,藤田 周
かわじり中央会館,広島県 呉市 川尻町東 1丁目8-15,閉鎖,,,,,https://www.city.kure.lg.jp/site/jougesui/kinkyuu-dansui20180707-02.html,,広島県,呉市,川尻町東 1丁目8-15,34.2354600,132.6977410,2018-08-10 0:12:50,藤田 周
久俊文化会館,広島県 呉市 川尻町久俊 2丁目10-72,閉鎖,,,,,https://www.city.kure.lg.jp/site/jougesui/kinkyuu-dansui20180707-02.html,,広島県,呉市,川尻町久俊 2丁目10-72,34.2407280,132.6955520,2018-08-10 0:12:50,藤田 周
川尻グラウンド,広島県 呉市 川尻町西 1丁目22,閉鎖,,,,,"https://www.city.kure.lg.jp/site/jougesui/kinkyuu-dansui20180707-02.html
http://www.mod.go.jp/j/approach/defense/saigai/h30_ooame/index.html",,広島県,呉市,川尻町西 1丁目22,34.2310470,132.6934780,2018-08-10 0:12:50,藤田 周
小用文化会館,広島県 呉市 川尻町小用 1丁目13-12,閉鎖,,,,,https://www.city.kure.lg.jp/site/jougesui/kinkyuu-dansui20180707-02.html,,広島県,呉市,川尻町小用 1丁目13-12,34.2398660,132.7183960,2018-08-10 0:12:50,藤田 周
森文化会館,広島県 呉市 川尻町西 3丁目1-5,閉鎖,,,,,https://www.city.kure.lg.jp/site/jougesui/kinkyuu-dansui20180707-02.html,,広島県,呉市,川尻町西 3丁目1-5,34.2335380,132.6913000,2018-08-10 0:12:50,藤田 周
まち文化会館,広島県 呉市 川尻町東 3丁目14-23,閉鎖,,,,,https://www.city.kure.lg.jp/site/jougesui/kinkyuu-dansui20180707-02.html,,広島県,呉市,川尻町東 3丁目14-23,34.2375520,132.6993210,2018-08-10 0:12:50,藤田 周
久筋公園,広島県 呉市 川尻町久筋 1丁目8,閉鎖,,,,,https://www.city.kure.lg.jp/site/jougesui/kinkyuu-dansui20180707-02.html,,広島県,呉市,川尻町久筋 1丁目8,34.2425420,132.7008160,2018-08-10 0:12:50,藤田 周
森・沖田地区コミュニティホーム,広島県 呉市 川尻町西 1丁目29-1,閉鎖,,,,,https://www.city.kure.lg.jp/site/jougesui/kinkyuu-dansui20180707-02.html,,広島県,呉市,川尻町西 1丁目29-1,34.2298370,132.6925730,2018-08-10 0:12:50,藤田 周
西の宮地区会館,広島県 呉市 川尻町西 4丁目4-18,閉鎖,,,,,https://www.city.kure.lg.jp/site/jougesui/kinkyuu-dansui20180707-02.html,,広島県,呉市,川尻町西 4丁目4-18,34.2277700,132.6894510,2018-08-10 0:12:50,藤田 周
川尻桟橋,広島県 呉市 【地区名以下不明】,閉鎖,,,,,https://www.city.kure.lg.jp/site/jougesui/kinkyuu-dansui20180707-02.html,,広島県,呉市,【地区名以下不明】,,,2018-08-10 0:12:50,藤田 周
川尻小学校下駐車場,広島県 呉市 川尻町久俊 1丁目5-24,閉鎖,「川尻小学校」にマッピング,,,,https://www.city.kure.lg.jp/site/jougesui/kinkyuu-dansui20180707-02.html,,広島県,呉市,川尻町久俊 1丁目5-24,34.2379590,132.6932280,2018-08-10 0:12:50,藤田 周
中原公園,広島県 呉市 川尻町森 2丁目9,閉鎖,,,,,https://www.city.kure.lg.jp/site/jougesui/kinkyuu-dansui20180707-02.html,,広島県,呉市,川尻町森 2丁目9,34.2352650,132.6903830,2018-08-10 0:12:50,藤田 周
川尻保健出張所,広島県 呉市 川尻町東 2丁目3-23,閉鎖,,,,,https://www.city.kure.lg.jp/site/jougesui/kinkyuu-dansui20180707-02.html,,広島県,呉市,川尻町東 2丁目3-23,34.2375740,132.7016850,2018-08-10 0:12:50,藤田 周
旧斎場駐車場,広島県 呉市 【地区名以下不明】,閉鎖,,,,,https://www.city.kure.lg.jp/site/jougesui/kinkyuu-dansui20180707-02.html,,広島県,呉市,【地区名以下不明】,,,2018-08-10 0:12:50,藤田 周
川尻漁業協同組合,広島県 呉市 川尻町東 1丁目7-8,閉鎖,,,,,https://www.city.kure.lg.jp/site/jougesui/kinkyuu-dansui20180707-02.html,,広島県,呉市,川尻町東 1丁目7-8,34.2350040,132.6977530,2018-08-10 0:12:50,藤田 周
安浦市民センター,広島県 呉市 安浦町中央 4丁目3-2,閉鎖,,,,,https://www.city.kure.lg.jp/site/jougesui/kinkyuu-dansui20180707-02.html,,広島県,呉市,安浦町中央 4丁目3-2,34.2818420,132.7441470,2018-08-10 0:12:50,藤田 周
ディスカウントドラッグコスモス安浦店,広島県 呉市 安浦町中央北 2丁目12-7,閉鎖,,,,,https://www.city.kure.lg.jp/site/jougesui/kinkyuu-dansui20180707-02.html,,広島県,呉市,安浦町中央北 2丁目12-7,34.2866140,132.7401810,2018-08-10 0:12:50,藤田 周
川崎商店,広島県 呉市 梅木町 4,閉鎖,,,,,https://www.city.kure.lg.jp/site/jougesui/kinkyuu-dansui20180707-02.html,,広島県,呉市,梅木町 4,34.2778690,132.5205780,2018-08-10 0:12:50,藤田 周
ポートピアパーク正面ゲート前,広島県 呉市 天応大浜 3丁目2-3,閉鎖,,,,,https://www.city.kure.lg.jp/site/jougesui/kinkyuu-dansui20180707-02.html,,広島県,呉市,天応大浜 3丁目2-3,34.2908000,132.5114980,2018-08-10 0:12:50,藤田 周
吉浦小学校,広島県 呉市 吉浦中町 2丁目6-5,閉鎖,,,,,https://www.city.kure.lg.jp/site/jougesui/kinkyuu-dansui20180707-02.html,,広島県,呉市,吉浦中町 2丁目6-5,34.2611150,132.5296830,2018-08-10 0:12:50,藤田 周
JR吉浦駅裏（藤和ハイタウン吉浦）,広島県 呉市 吉浦新町 1丁目5-6,閉鎖,,,,,https://www.city.kure.lg.jp/site/jougesui/kinkyuu-dansui20180707-02.html,,広島県,呉市,吉浦新町 1丁目5-6,34.2564360,132.5274740,2018-08-10 0:12:50,藤田 周
瀬戸見第2公園,広島県 呉市 瀬戸見町 20,閉鎖,,,,,https://www.city.kure.lg.jp/site/jougesui/kinkyuu-dansui20180707-02.html,,広島県,呉市,瀬戸見町 20,34.2495670,132.5340000,2018-08-10 0:12:50,藤田 周
港町小学校,広島県 呉市 海岸 3丁目5-30,閉鎖,,,,,https://www.city.kure.lg.jp/site/jougesui/kinkyuu-dansui20180707-02.html,,広島県,呉市,海岸 3丁目5-30,34.2483530,132.5425590,2018-08-10 0:12:50,藤田 周
両城小学校,広島県 呉市 三条 2丁目15-12,閉鎖,,,,,https://www.city.kure.lg.jp/site/jougesui/kinkyuu-dansui20180707-02.html,,広島県,呉市,三条 2丁目15-12,34.2475640,132.5515240,2018-08-10 0:12:50,藤田 周
天応市民センター,広島県 呉市 天応宮町 4-15,閉鎖,,,,,https://www.city.kure.lg.jp/site/jougesui/kinkyuu-dansui20180707-02.html,,広島県,呉市,天応宮町 4-15,34.2873200,132.5179610,2018-08-10 0:12:50,藤田 周
片山中学校,広島県 呉市 東片山町 13-5,閉鎖,,,,,https://www.city.kure.lg.jp/site/jougesui/kinkyuu-dansui20180707-02.html,,広島県,呉市,東片山町 13-5,34.2544900,132.5663420,2018-08-10 0:12:50,藤田 周
明立小学校,広島県 呉市 伏原 2丁目6-38,閉鎖,,,,,https://www.city.kure.lg.jp/site/jougesui/kinkyuu-dansui20180707-02.html,,広島県,呉市,伏原 2丁目6-38,34.2546490,132.5768470,2018-08-10 0:12:50,藤田 周
長迫小学校,広島県 呉市 長迫町 12-5,閉鎖,,,,,https://www.city.kure.lg.jp/site/jougesui/kinkyuu-dansui20180707-02.html,,広島県,呉市,長迫町 12-5,34.2498540,132.5775710,2018-08-10 0:12:50,藤田 周
和庄小学校,広島県 呉市 八幡町 10-7,閉鎖,,,,,https://www.city.kure.lg.jp/site/jougesui/kinkyuu-dansui20180707-02.html,,広島県,呉市,八幡町 10-7,34.2423700,132.5690750,2018-08-10 0:12:50,藤田 周
東畑中学校,広島県 呉市 東畑 2丁目7-38,閉鎖,,,,,https://www.city.kure.lg.jp/site/jougesui/kinkyuu-dansui20180707-02.html,,広島県,呉市,東畑 2丁目7-38,34.2533630,132.5869970,2018-08-10 0:12:50,藤田 周
旧辰川小学校,広島県 呉市 東辰川町 6-32,閉鎖,,,,,https://www.city.kure.lg.jp/site/jougesui/kinkyuu-dansui20180707-02.html,,広島県,呉市,東辰川町 6-32,34.2578980,132.5725560,2018-08-10 0:12:50,藤田 周
宮原中学校,広島県 呉市 船見町 1-1,閉鎖,,,,,https://www.city.kure.lg.jp/site/jougesui/kinkyuu-dansui20180707-02.html,,広島県,呉市,船見町 1-1,34.2266670,132.5552760,2018-08-10 0:12:50,藤田 周
警固屋まちづくりセンター,広島県 呉市 警固屋 2丁目222,閉鎖,,,,,https://www.city.kure.lg.jp/site/jougesui/kinkyuu-dansui20180707-02.html,,広島県,呉市,警固屋 2丁目222,34.2133630,132.5443270,2018-08-10 0:12:50,藤田 周
警固屋中学校,広島県 呉市 警固屋 7丁目4-1,閉鎖,,,,,https://www.city.kure.lg.jp/site/jougesui/kinkyuu-dansui20180707-02.html,,広島県,呉市,警固屋 7丁目4-1,34.1994020,132.5419410,2018-08-10 0:12:50,藤田 周
原小学校,広島県 呉市 阿賀北 4丁目3-16,閉鎖,,,,,https://www.city.kure.lg.jp/site/jougesui/kinkyuu-dansui20180707-02.html,,広島県,呉市,阿賀北 4丁目3-16,34.2493610,132.5942270,2018-08-10 0:12:50,藤田 周
阿賀中央公園,広島県 呉市 阿賀中央 2丁目7,閉鎖,,,,,https://www.city.kure.lg.jp/site/jougesui/kinkyuu-dansui20180707-02.html,,広島県,呉市,阿賀中央 2丁目7,34.2399070,132.5968360,2018-08-10 0:12:50,藤田 周
阿賀小学校,広島県 呉市 阿賀南 2丁目1-1,閉鎖,,,,,https://www.city.kure.lg.jp/site/jougesui/kinkyuu-dansui20180707-02.html,,広島県,呉市,阿賀南 2丁目1-1,34.2332400,132.5990170,2018-08-10 0:12:50,藤田 周
県営阿賀住宅前（旧延崎小学校入口）,広島県 呉市 阿賀南 6丁目1,閉鎖,,,,,https://www.city.kure.lg.jp/site/jougesui/kinkyuu-dansui20180707-02.html,,広島県,呉市,阿賀南 6丁目1,34.2300660,132.5945570,2018-08-10 0:12:50,藤田 周
旧大入小学校,広島県 呉市 阿賀南 8丁目8-20,閉鎖,,,,,https://www.city.kure.lg.jp/site/jougesui/kinkyuu-dansui20180707-02.html,,広島県,呉市,阿賀南 8丁目8-20,34.2116640,132.5815830,2018-08-10 0:12:50,藤田 周
呉市消防団大冠分団（阿賀南9丁目）【番地以下不明】,広島県 呉市 阿賀南 9丁目,閉鎖,Google ストリートビューで発見した消防団の建物にマッピング,,,,https://www.city.kure.lg.jp/site/jougesui/kinkyuu-dansui20180707-02.html,,広島県,呉市,阿賀南 9丁目,34.2005670,132.5663900,2018-08-10 0:12:50,藤田 周
横路小学校,広島県 呉市 広横路 4丁目1-9,閉鎖,,,,,https://www.city.kure.lg.jp/site/jougesui/kinkyuu-dansui20180707-02.html,,広島県,呉市,広横路 4丁目1-9,34.2425970,132.6151290,2018-08-10 0:12:50,藤田 周
広市民センター,広島県 呉市 広古新開 2丁目1-3,閉鎖,,,,,https://www.city.kure.lg.jp/site/jougesui/kinkyuu-dansui20180707-02.html,,広島県,呉市,広古新開 2丁目1-3,34.2325510,132.6152090,2018-08-10 0:12:50,藤田 周
広公園（オークアリーナ）,広島県 呉市 広大新開 1丁目7-1,閉鎖,,,,,https://www.city.kure.lg.jp/site/jougesui/kinkyuu-dansui20180707-02.html,,広島県,呉市,広大新開 1丁目7-1,34.2323900,132.6264270,2018-08-10 0:12:50,藤田 周
三坂地小学校,広島県 呉市 広中迫町 4-1,閉鎖,,,,,https://www.city.kure.lg.jp/site/jougesui/kinkyuu-dansui20180707-02.html,,広島県,呉市,広中迫町 4-1,34.2470610,132.6301280,2018-08-10 0:12:50,藤田 周
石内公園,広島県 呉市 広石内 2丁目8,閉鎖,,,,,https://www.city.kure.lg.jp/site/jougesui/kinkyuu-dansui20180707-02.html,,広島県,呉市,広石内 2丁目8,34.2656950,132.6310690,2018-08-10 0:12:50,藤田 周
広小学校,広島県 呉市 広杭本町 3-1,閉鎖,,,,,https://www.city.kure.lg.jp/site/jougesui/kinkyuu-dansui20180707-02.html,,広島県,呉市,広杭本町 3-1,34.2388890,132.6270450,2018-08-10 0:12:50,藤田 周
塩焼第一公園,広島県 呉市 広塩焼 2丁目7,閉鎖,,,,,https://www.city.kure.lg.jp/site/jougesui/kinkyuu-dansui20180707-02.html,,広島県,呉市,広塩焼 2丁目7,34.2530940,132.6313530,2018-08-10 0:12:50,藤田 周
広津久茂町7番付近（黄幡弾薬庫前）,広島県 呉市 広津久茂町 7,閉鎖,,,,,https://www.city.kure.lg.jp/site/jougesui/kinkyuu-dansui20180707-02.html,,広島県,呉市,広津久茂町 7,34.2199570,132.6210450,2018-08-10 0:12:50,藤田 周
広南中学校,広島県 呉市 広長浜 4丁目1-9,閉鎖,,,,,https://www.city.kure.lg.jp/site/jougesui/kinkyuu-dansui20180707-02.html,,広島県,呉市,広長浜 4丁目1-9,34.2126540,132.6236160,2018-08-10 0:12:50,藤田 周
旧小坪小学校,広島県 呉市 広小坪 1丁目24-1,閉鎖,,,,,https://www.city.kure.lg.jp/site/jougesui/kinkyuu-dansui20180707-02.html,,広島県,呉市,広小坪 1丁目24-1,34.2076900,132.6347020,2018-08-10 0:12:50,藤田 周
仁方神町自治会館,広島県 呉市 仁方西神町 34,閉鎖,「神町集会所」にマッピング,,,,https://www.city.kure.lg.jp/site/jougesui/kinkyuu-dansui20180707-02.html,,広島県,呉市,仁方西神町 34,34.2276910,132.6480780,2018-08-10 0:12:50,藤田 周
仁方中学校,広島県 呉市 仁方桟橋通 16-8,閉鎖,,,,,https://www.city.kure.lg.jp/site/jougesui/kinkyuu-dansui20180707-02.html,,広島県,呉市,仁方桟橋通 16-8,34.2208670,132.6540340,2018-08-10 0:12:50,藤田 周
小須磨公園,広島県 呉市 【地区名以下不明】,閉鎖,,,,,https://www.city.kure.lg.jp/site/jougesui/kinkyuu-dansui20180707-02.html,,広島県,呉市,【地区名以下不明】,,,2018-08-10 0:12:50,藤田 周
戸田自治会館,広島県 呉市 仁方町 4071,閉鎖,,,,,https://www.city.kure.lg.jp/site/jougesui/kinkyuu-dansui20180707-02.html,,広島県,呉市,仁方町 4071,34.2092090,132.6526660,2018-08-10 0:12:50,藤田 周
小仁方文化会館,広島県 呉市 川尻町小仁方 1丁目23-7,閉鎖,,,,,https://www.city.kure.lg.jp/site/jougesui/kinkyuu-dansui20180707-02.html,,広島県,呉市,川尻町小仁方 1丁目23-7,34.2140140,132.6786270,2018-08-10 0:12:50,藤田 周
音戸市民センター,広島県 呉市 音戸町南隠渡 1丁目7-1,閉鎖,,,,,https://www.city.kure.lg.jp/site/jougesui/kinkyuu-dansui20180707-02.html,,広島県,呉市,音戸町南隠渡 1丁目7-1,34.1881620,132.5340240,2018-08-10 0:12:50,藤田 周
波多見小学校,広島県 呉市 音戸町波多見 9丁目11-1,閉鎖,,,,,https://www.city.kure.lg.jp/site/jougesui/kinkyuu-dansui20180707-02.html,,広島県,呉市,音戸町波多見 9丁目11-1,34.1758280,132.5452430,2018-08-10 0:12:50,藤田 周
旧奥内小学校,広島県 呉市 音戸町畑 3丁目27-1,閉鎖,,,,,https://www.city.kure.lg.jp/site/jougesui/kinkyuu-dansui20180707-02.html,,広島県,呉市,音戸町畑 3丁目27-1,34.1607780,132.5231710,2018-08-10 0:12:50,藤田 周
旧渡子小学校,広島県 呉市 音戸町渡子 2丁目23-1,閉鎖,,,,,https://www.city.kure.lg.jp/site/jougesui/kinkyuu-dansui20180707-02.html,,広島県,呉市,音戸町渡子 2丁目23-1,34.1900750,132.5127650,2018-08-10 0:12:50,藤田 周
旧田原小学校,広島県 呉市 音戸町田原 2丁目3-1,閉鎖,,,,,https://www.city.kure.lg.jp/site/jougesui/kinkyuu-dansui20180707-02.html,,広島県,呉市,音戸町田原 2丁目3-1,34.1763350,132.4991650,2018-08-10 0:12:50,藤田 周
旧早瀬小学校,広島県 呉市 音戸町早瀬 1丁目8-15,閉鎖,,,,,https://www.city.kure.lg.jp/site/jougesui/kinkyuu-dansui20180707-02.html,,広島県,呉市,音戸町早瀬 1丁目8-15,34.1579180,132.4938890,2018-08-10 0:12:50,藤田 周
旧JA呉重生店付近,広島県 呉市 倉橋町重生 5345-19,閉鎖,,,,,https://www.city.kure.lg.jp/site/jougesui/kinkyuu-dansui20180707-02.html,,広島県,呉市,倉橋町重生 5345-19,34.1143110,132.4613600,2018-08-10 0:12:50,藤田 周
藤三宇和木店,広島県 呉市 倉橋町宇和木 6409-1,閉鎖,,,,,https://www.city.kure.lg.jp/site/jougesui/kinkyuu-dansui20180707-02.html,,広島県,呉市,倉橋町宇和木 6409-1,34.1282630,132.5006910,2018-08-10 0:12:50,藤田 周
旧倉橋市民センター,広島県 呉市 【地区名以下不明】,閉鎖,,,,,https://www.city.kure.lg.jp/site/jougesui/kinkyuu-dansui20180707-02.html,,広島県,呉市,【地区名以下不明】,,,2018-08-10 0:12:50,藤田 周
尾立生活改善センター,広島県 呉市 倉橋町 9964-7,閉鎖,,,,,https://www.city.kure.lg.jp/site/jougesui/kinkyuu-dansui20180707-02.html,,広島県,呉市,倉橋町 9964-7,34.1038680,132.5328990,2018-08-10 0:12:50,藤田 周
明徳小学校,広島県 呉市 倉橋町 7490,閉鎖,,,,,https://www.city.kure.lg.jp/site/jougesui/kinkyuu-dansui20180707-02.html,,広島県,呉市,倉橋町 7490,34.1464250,132.5083450,2018-08-10 0:12:50,藤田 周
須川老人集会所,広島県 呉市 【地区名以下不明】,閉鎖,,,,,https://www.city.kure.lg.jp/site/jougesui/kinkyuu-dansui20180707-02.html,,広島県,呉市,【地区名以下不明】,,,2018-08-10 0:12:50,藤田 周
倉橋東センター,広島県 呉市 倉橋町室尾 11959-25,閉鎖,,,,,https://www.city.kure.lg.jp/site/jougesui/kinkyuu-dansui20180707-02.html,,広島県,呉市,倉橋町室尾 11959-25,34.0990050,132.5439190,2018-08-10 0:12:50,藤田 周
下蒲刈まちづくりセンター（大津会館）,広島県 呉市 下蒲刈町下島 1628-1,閉鎖,,,,,https://www.city.kure.lg.jp/site/jougesui/kinkyuu-dansui20180707-02.html,,広島県,呉市,下蒲刈町下島 1628-1,34.1922490,132.6717990,2018-08-10 0:12:50,藤田 周
下蒲刈市民センター,広島県 呉市 下蒲刈町下島 2361-7,閉鎖,,,,,https://www.city.kure.lg.jp/site/jougesui/kinkyuu-dansui20180707-02.html,,広島県,呉市,下蒲刈町下島 2361-7,34.1864270,132.6832830,2018-08-10 0:12:50,藤田 周
大地蔵松風園（中央ロータリー）,広島県 呉市 下蒲刈町大地蔵,閉鎖,,,,,https://www.city.kure.lg.jp/site/jougesui/kinkyuu-dansui20180707-02.html,,広島県,呉市,下蒲刈町大地蔵,34.1751340,132.6606930,2018-08-10 0:12:50,藤田 周
蒲刈警察官駐在所前,広島県 呉市 蒲刈町向 1292-3,閉鎖,,,,,https://www.city.kure.lg.jp/site/jougesui/kinkyuu-dansui20180707-02.html,,広島県,呉市,蒲刈町向 1292-3,34.1882200,132.6888780,2018-08-10 0:12:50,藤田 周
呉市役所中央公園内,広島県 呉市 中央 4丁目4,閉鎖,,,,,https://www.city.kure.lg.jp/site/jougesui/kinkyuu-dansui20180707-02.html,,広島県,呉市,中央 4丁目4,34.2495570,132.5644150,2018-08-10 0:12:50,藤田 周
大浦崎スポーツセンター,広島県 呉市 音戸町波多見 6丁目20-1,閉鎖,,,,,https://www.city.kure.lg.jp/site/jougesui/kinkyuu-dansui20180707-02.html,,広島県,呉市,音戸町波多見 6丁目20-1,34.1751390,132.5553820,2018-08-10 0:12:50,藤田 周
波多見コミュニティセンター,広島県 呉市 音戸町波多見 2丁目17-1,閉鎖,,,,,https://www.city.kure.lg.jp/site/jougesui/kinkyuu-dansui20180707-02.html,,広島県,呉市,音戸町波多見 2丁目17-1,34.1831940,132.5516060,2018-08-10 0:12:50,藤田 周
信楽寺駐車場,広島県 呉市 安浦町内海北 1丁目5-5,閉鎖,,,,,https://www.city.kure.lg.jp/site/jougesui/kinkyuu-dansui20180707-02.html,,広島県,呉市,安浦町内海北 1丁目5-5,34.2861970,132.7346370,2018-08-10 0:12:50,藤田 周
ドラッグストアセガミ坪ノ内,広島県 呉市 坪ノ内町 3-6,閉鎖,,,,,https://www.city.kure.lg.jp/site/jougesui/kinkyuu-dansui20180707-02.html,,広島県,呉市,坪ノ内町 3-6,34.2224810,132.5530690,2018-08-10 0:12:50,藤田 周
篁老人集会所,広島県 東広島市 河内町入野 3460-1,閉鎖,,,,,http://www.city.higashihiroshima.lg.jp/soshiki/suido/1/1/17943.html,,広島県,東広島市,河内町入野 3460-1,34.4457430,132.8868960,2018-08-10 0:13:00,藤田 周
入野小学校,広島県 東広島市 入野中山台 4丁目20-1,閉鎖,,,,,http://www.city.higashihiroshima.lg.jp/soshiki/suido/1/1/17943.html,,広島県,東広島市,入野中山台 4丁目20-1,34.4506550,132.8650290,2018-08-10 0:13:00,藤田 周
西志和小学校,広島県 東広島市 志和町七条椛坂 1670,閉鎖,,,,,http://www.city.higashihiroshima.lg.jp/suido/17944.html,,広島県,東広島市,志和町七条椛坂 1670,34.4721480,132.6374670,2018-08-10 0:13:00,藤田 周
グリーンハイツ入口【地区名以下不明】,広島県 東広島市 黒瀬町市飯田,閉鎖,,,,,http://www.city.higashihiroshima.lg.jp/soshiki/suido/1/1/17943.html,,広島県,東広島市,黒瀬町市飯田,,,2018-08-10 0:13:00,藤田 周
洋国団地最上部【地区名以下不明】,広島県 東広島市 黒瀬町市飯田,閉鎖,,,,,http://www.city.higashihiroshima.lg.jp/soshiki/suido/1/1/17943.html,,広島県,東広島市,黒瀬町市飯田,,,2018-08-10 0:13:00,藤田 周
黒瀬支所,広島県 東広島市 黒瀬町丸山 1333,閉鎖,,,,,http://www.city.higashihiroshima.lg.jp/soshiki/suido/1/1/17943.html,,広島県,東広島市,黒瀬町丸山 1333,34.3247280,132.6761850,2018-08-10 0:13:00,藤田 周
河内支所,広島県 東広島市 河内町中河内 1166,閉鎖,,,,,http://www.city.higashihiroshima.lg.jp/soshiki/suido/1/1/17943.html,,広島県,東広島市,河内町中河内 1166,34.4722330,132.8883570,2018-08-10 0:13:00,藤田 周
安芸津支所,広島県 東広島市 安芸津町三津 5556-1,閉鎖,,,,,http://www.city.higashihiroshima.lg.jp/soshiki/suido/1/1/17943.html,,広島県,東広島市,安芸津町三津 5556-1,34.3192990,132.8134820,2018-08-10 0:13:00,藤田 周
三津小学校,広島県 東広島市 安芸津町三津4680,閉鎖,,,,,http://www.city.higashihiroshima.lg.jp/soshiki/suido/1/1/17943.html,,広島県,東広島市,安芸津町三津4680,34.3257860,132.8177930,2018-08-10 0:13:00,藤田 周
西野浄水場,広島県 三原市 西野 5丁目14,閉鎖,,,,,http://www.city.mihara.hiroshima.jp/site/goujoho/kyusui.html,,広島県,三原市,西野 5丁目14,34.4144590,133.0568710,2018-08-10 0:13:20,藤田 周
木原（上福地バス停前）,広島県 三原市 木原 6丁目1,閉鎖,,,,,"http://www.city.mihara.hiroshima.jp/site/goujoho/kyusui.html
http://www.mod.go.jp/j/approach/defense/saigai/h30_ooame/index.html",,広島県,三原市,木原 6丁目1,34.3978930,133.1564010,2018-08-10 0:13:20,藤田 周
本郷生涯学習センター,広島県 三原市 本郷南 6丁目25-1,閉鎖,,,,,http://www.city.mihara.hiroshima.jp/site/goujoho/kyusui.html,,広島県,三原市,本郷南 6丁目25-1,34.4106430,132.9832620,2018-08-10 0:13:20,藤田 周
南方コミュニティセンター,広島県 三原市 本郷町南方 3985-1,閉鎖,,,,,http://www.city.mihara.hiroshima.jp/site/goujoho/kyusui.html,,広島県,三原市,本郷町南方 3985-1,34.3952000,132.9568390,2018-08-10 0:13:20,藤田 周
総合技術高等学校,広島県 三原市 本郷南 5丁目25-1,閉鎖,,,,,http://www.city.mihara.hiroshima.jp/site/goujoho/kyusui.html,,広島県,三原市,本郷南 5丁目25-1,34.4080840,132.9876740,2018-08-10 0:13:20,藤田 周
船木ふれあいセンター隣,広島県 三原市 本郷町船木 3115,閉鎖,,,,,http://www.city.mihara.hiroshima.jp/site/goujoho/kyusui.html,,広島県,三原市,本郷町船木 3115,34.4310120,132.9656580,2018-08-10 0:13:20,藤田 周
北方コミュニティセンター,広島県 三原市 本郷町上北方 1023-1,閉鎖,,,,,http://www.city.mihara.hiroshima.jp/site/goujoho/kyusui.html,,広島県,三原市,本郷町上北方 1023-1,34.4135200,132.9417810,2018-08-10 0:13:20,藤田 周
三百団地集会所南,広島県 三原市 【地区名以下不明】,閉鎖,,,,,http://www.city.mihara.hiroshima.jp/site/goujoho/kyusui.html,,広島県,三原市,【地区名以下不明】,,,2018-08-10 0:13:20,藤田 周
登町・沖浦町,広島県 三原市 登町、沖浦町,閉鎖,,,,,http://www.city.mihara.hiroshima.jp/site/goujoho/kyusui.html,,広島県,三原市,登町、沖浦町,34.3677120,133.0679240,2018-08-10 0:13:20,藤田 周
本郷中学校,広島県 三原市 下北方 2丁目27-1,閉鎖,,,,,http://www.city.mihara.hiroshima.jp/site/goujoho/kyusui.html,,広島県,三原市,下北方 2丁目27-1,34.4075550,132.9673970,2018-08-10 0:13:20,藤田 周
糸碕神社前埋立地,広島県 三原市 糸崎 9丁目2,閉鎖,,,,,http://www.city.mihara.hiroshima.jp/site/goujoho/kyusui.html,,広島県,三原市,糸崎 9丁目2,34.3835740,133.1161960,2018-08-10 0:13:20,藤田 周
さざなみ学校,広島県 三原市 幸崎久和喜 3-18,閉鎖,,,,,http://www.city.mihara.hiroshima.jp/site/goujoho/kyusui.html,,広島県,三原市,幸崎久和喜 3-18,34.3446330,133.0685340,2018-08-10 0:13:20,藤田 周
旧渡瀬小学校グラウンド,広島県 三原市 幸崎渡瀬 36-20,閉鎖,,,,,http://www.city.mihara.hiroshima.jp/site/goujoho/kyusui.html,,広島県,三原市,幸崎渡瀬 36-20,34.3469050,133.0135830,2018-08-10 0:13:20,藤田 周
本郷公民館,広島県 三原市 下北方 1丁目2-24,閉鎖,,,,,http://www.city.mihara.hiroshima.jp/site/goujoho/kyusui.html,,広島県,三原市,下北方 1丁目2-24,34.4086020,132.9802970,2018-08-10 0:13:20,藤田 周
本郷団地内 あおぞら公園,広島県 三原市 本郷南 1丁目5-3,閉鎖,,,,,http://www.city.mihara.hiroshima.jp/site/goujoho/kyusui.html,,広島県,三原市,本郷南 1丁目5-3,34.4076110,133.0111150,2018-08-10 0:13:20,藤田 周
大和（和木公民館）,広島県 三原市 大和町和木 1531-6,閉鎖,,,,,http://www.city.mihara.hiroshima.jp/site/goujoho/kyusui.html,,広島県,三原市,大和町和木 1531-6,34.5140160,132.9211160,2018-08-10 0:13:20,藤田 周
三原港フェリー乗り場 西側岸壁,広島県 三原市 城町 3丁目1-1,閉鎖,「三原港フェリーターミナル」にマッピング,,,,http://www.city.mihara.hiroshima.jp/site/goujoho/kyusui.html,,広島県,三原市,城町 3丁目1-1,34.3980620,133.0821900,2018-08-10 0:13:20,藤田 周
久井町土取（コミュニティーホーム）,広島県 三原市 久井町土取 417-1,閉鎖,,,,,http://www.city.mihara.hiroshima.jp/site/goujoho/kyusui.html,,広島県,三原市,久井町土取 417-1,34.4746680,133.0213060,2018-08-10 0:13:20,藤田 周
中岡集会所（本郷北四丁目）,広島県 三原市 本郷北 4丁目15-1,閉鎖,,,,,http://www.city.mihara.hiroshima.jp/site/goujoho/kyusui.html,,広島県,三原市,本郷北 4丁目15-1,34.4141110,132.9854310,2018-08-10 0:13:20,藤田 周
貝野岸壁,広島県 三原市 和田沖町 1,閉鎖,,,,,http://www.city.mihara.hiroshima.jp/site/goujoho/kyusui.html,,広島県,三原市,和田沖町 1,34.3825550,133.0915030,2018-08-10 0:13:20,藤田 周
木原（福地こども広場）,広島県 三原市 【地区名以下不明】,閉鎖,,,,,http://www.city.mihara.hiroshima.jp/site/goujoho/kyusui.html,,広島県,三原市,【地区名以下不明】,,,2018-08-10 0:13:20,藤田 周
三原特別支援学校,広島県 三原市 小泉町 199-2,閉鎖,,,,,http://www.city.mihara.hiroshima.jp/site/goujoho/kyusui.html,,広島県,三原市,小泉町 199-2,34.3729730,132.9757010,2018-08-10 0:13:20,藤田 周
広島県動物愛護センター,広島県 三原市 本郷町南方 8915-2,閉鎖,,,,,http://www.city.mihara.hiroshima.jp/site/goujoho/kyusui.html,,広島県,三原市,本郷町南方 8915-2,34.3861570,132.9384970,2018-08-10 0:13:20,藤田 周
木原（コミュニティホーム）,広島県 三原市 木原 4丁目12-1,閉鎖,,,,,http://www.city.mihara.hiroshima.jp/site/goujoho/kyusui.html,,広島県,三原市,木原 4丁目12-1,34.3926280,133.1472780,2018-08-10 0:13:20,藤田 周
幸崎中学校,広島県 三原市 幸崎能地 3丁目16-1,閉鎖,,,,,http://www.city.mihara.hiroshima.jp/site/goujoho/kyusui.html,,広島県,三原市,幸崎能地 3丁目16-1,34.3387860,133.0366030,2018-08-10 0:13:20,藤田 周
本郷浄水場,広島県 三原市 本郷南 7丁目11-1,閉鎖,,,,,http://www.city.mihara.hiroshima.jp/site/goujoho/kyusui.html,,広島県,三原市,本郷南 7丁目11-1,34.4118110,132.9747460,2018-08-10 0:13:20,藤田 周
三原西部工業団地（惣定地区）シャープ（株）入口敷地,広島県 三原市 沼田西町惣定 247,閉鎖,,,,,http://www.city.mihara.hiroshima.jp/site/goujoho/kyusui.html,,広島県,三原市,沼田西町惣定 247,34.3837700,132.9821060,2018-08-10 0:13:20,藤田 周
第四中学校,広島県 三原市 須波ハイツ 2丁目26-1,閉鎖,,,,,http://www.city.mihara.hiroshima.jp/site/goujoho/kyusui.html,,広島県,三原市,須波ハイツ 2丁目26-1,34.3538410,133.0784640,2018-08-10 0:13:20,藤田 周
須波小学校,広島県 三原市 須波 1丁目22-1,閉鎖,,,,,http://www.city.mihara.hiroshima.jp/site/goujoho/kyusui.html,,広島県,三原市,須波 1丁目22-1,34.3652840,133.0834150,2018-08-10 0:13:20,藤田 周
田野浦第二公園,広島県 三原市 田野浦 2丁目3-10,閉鎖,,,,,http://www.city.mihara.hiroshima.jp/site/goujoho/kyusui.html,,広島県,三原市,田野浦 2丁目3-10,34.3823310,133.0471390,2018-08-10 0:13:20,藤田 周
糸崎港,広島県 三原市 糸崎南 2丁目4,閉鎖,,,,,http://www.city.mihara.hiroshima.jp/site/goujoho/kyusui.html,,広島県,三原市,糸崎南 2丁目4,34.3892270,133.1045110,2018-08-10 0:13:20,藤田 周
第二中学校,広島県 三原市 中之町 2丁目14-1,閉鎖,,,,,http://www.city.mihara.hiroshima.jp/site/goujoho/kyusui.html,,広島県,三原市,中之町 2丁目14-1,34.4101250,133.0963950,2018-08-10 0:13:20,藤田 周
沼田東ダイヤハイツ,広島県 三原市 沼田東町末広 315-239,閉鎖,「ダイヤハイツ集会所」にマッピング,,,,http://www.city.mihara.hiroshima.jp/site/goujoho/kyusui.html,,広島県,三原市,沼田東町末広 315-239,34.3911540,133.0119910,2018-08-10 0:13:20,藤田 周
三原駅前市民広場,広島県 三原市 城町 1丁目1-3,閉鎖,,,,,http://www.city.mihara.hiroshima.jp/site/goujoho/kyusui.html,,広島県,三原市,城町 1丁目1-3,34.3994370,133.0825460,2018-08-10 0:13:20,藤田 周
田野浦小学校,広島県 三原市 宗郷 1丁目10-1,閉鎖,,,,,http://www.city.mihara.hiroshima.jp/site/goujoho/kyusui.html,,広島県,三原市,宗郷 1丁目10-1,34.3865100,133.0630320,2018-08-10 0:13:20,藤田 周
八幡（消防団中央屯所）,広島県 三原市 八幡町野串 12,閉鎖,「三原市消防団 八幡分団屯所」にマッピング,,,,http://www.city.mihara.hiroshima.jp/site/goujoho/kyusui.html,,広島県,三原市,八幡町野串 12,34.4757160,133.0848100,2018-08-10 0:13:20,藤田 周
水道局,広島県 尾道市 長江 3丁目6-52,閉鎖,,,,,https://www.city.onomichi.hiroshima.jp/soshiki/64/20391.html,,広島県,尾道市,長江 3丁目6-52,34.4176690,133.1945120,2018-08-10 0:14:00,藤田 周
市役所本庁舎,広島県 尾道市 久保 1丁目15-1,閉鎖,,,,,https://www.city.onomichi.hiroshima.jp/soshiki/64/20391.html,,広島県,尾道市,久保 1丁目15-1,34.4090350,133.2051440,2018-08-10 0:14:00,藤田 周
向島支所,広島県 尾道市 向島町 5531-1,閉鎖,,,,,https://www.city.onomichi.hiroshima.jp/soshiki/64/20391.html,,広島県,尾道市,向島町 5531-1,34.3957370,133.1985530,2018-08-10 0:14:00,藤田 周
瀬戸田支所,広島県 尾道市 瀬戸田町鹿田原 1-9,閉鎖,,,,,https://www.city.onomichi.hiroshima.jp/soshiki/64/20391.html,,広島県,尾道市,瀬戸田町鹿田原 1-9,34.3061070,133.0952270,2018-08-10 0:14:00,藤田 周
総合福祉センター,広島県 尾道市 門田町 22-5,閉鎖,,,,,https://www.city.onomichi.hiroshima.jp/soshiki/64/20391.html,,広島県,尾道市,門田町 22-5,34.4213920,133.1854270,2018-08-10 0:14:00,藤田 周
尾道西公園（平原一丁目）,広島県 尾道市 平原 1丁目21,閉鎖,,,,,https://www.city.onomichi.hiroshima.jp/soshiki/64/20391.html,,広島県,尾道市,平原 1丁目21,34.4087390,133.1753220,2018-08-10 0:14:00,藤田 周
吉和小学校,広島県 尾道市 東元町 26-3,閉鎖,,,,,https://www.city.onomichi.hiroshima.jp/soshiki/64/20391.html,,広島県,尾道市,東元町 26-3,34.4011490,133.1704240,2018-08-10 0:14:00,藤田 周
尾道東公園,広島県 尾道市 高須町 4825,閉鎖,,,,,https://www.city.onomichi.hiroshima.jp/soshiki/64/20391.html,,広島県,尾道市,高須町 4825,34.4308130,133.2389160,2018-08-10 0:14:00,藤田 周
農村環境改善センター,広島県 尾道市 木ノ庄町木門田 2907-2,閉鎖,,,,,https://www.city.onomichi.hiroshima.jp/soshiki/64/20391.html,,広島県,尾道市,木ノ庄町木門田 2907-2,34.4599870,133.1710870,2018-08-10 0:14:00,藤田 周
サンボル尾道,広島県 尾道市 向東町 8670-2,閉鎖,,,,,https://www.city.onomichi.hiroshima.jp/soshiki/64/20391.html,,広島県,尾道市,向東町 8670-2,34.3990540,133.2210990,2018-08-10 0:14:00,藤田 周
旧生口中学校,広島県 尾道市 瀬戸田町御寺 1209-24,閉鎖,,,,,https://www.city.onomichi.hiroshima.jp/soshiki/64/20391.html,,広島県,尾道市,瀬戸田町御寺 1209-24,34.2779470,133.1229190,2018-08-10 0:14:00,藤田 周
因島フラワーセンター,広島県 尾道市 因島重井町伊浜 1182-1,閉鎖,,,,,https://www.city.onomichi.hiroshima.jp/soshiki/64/20391.html,,広島県,尾道市,因島重井町伊浜 1182-1,34.3455440,133.1519900,2018-08-10 0:14:00,藤田 周
坊士浄水場,広島県 尾道市 高須町 1132-2,閉鎖,,,,,https://www.city.onomichi.hiroshima.jp/soshiki/64/20391.html,,広島県,尾道市,高須町 1132-2,34.4307810,133.2149140,2018-08-10 0:14:00,藤田 周
御調支所,広島県 尾道市 御調町市 245,閉鎖,,,,,https://www.city.onomichi.hiroshima.jp/soshiki/64/20391.html,,広島県,尾道市,御調町市 245,34.5109650,133.1455860,2018-08-10 0:14:00,藤田 周
向島運動公園,広島県 尾道市 向島町 11098-289,閉鎖,,,,,https://www.city.onomichi.hiroshima.jp/soshiki/64/20391.html,,広島県,尾道市,向島町 11098-289,34.3815400,133.1853180,2018-08-10 0:14:00,藤田 周
芸予文化情報センター,広島県 尾道市 因島土生町 100-4,閉鎖,,,,,https://www.city.onomichi.hiroshima.jp/soshiki/64/20391.html,,広島県,尾道市,因島土生町 100-4,34.2960440,133.1706020,2018-08-10 0:14:00,藤田 周
西藤小学校,広島県 尾道市 西藤町 1500,閉鎖,,,,,https://www.city.onomichi.hiroshima.jp/soshiki/64/20391.html,,広島県,尾道市,西藤町 1500,34.4556020,133.2235940,2018-08-10 0:14:00,藤田 周
三庄公民館,広島県 尾道市 因島三庄町 2257-3,閉鎖,,,,,https://www.city.onomichi.hiroshima.jp/soshiki/64/20391.html,,広島県,尾道市,因島三庄町 2257-3,34.2924970,133.1940440,2018-08-10 0:14:00,藤田 周
旧土生小学校,広島県 尾道市 因島土生町 1724-1,閉鎖,,,,,https://www.city.onomichi.hiroshima.jp/soshiki/64/20391.html,,広島県,尾道市,因島土生町 1724-1,34.2902110,133.1774780,2018-08-10 0:14:00,藤田 周
中庄公民館,広島県 尾道市 因島中庄町 547,閉鎖,,,,,https://www.city.onomichi.hiroshima.jp/soshiki/64/20372.html,,広島県,尾道市,因島中庄町 547,34.3206240,133.1693870,2018-08-10 0:14:00,藤田 周
小屋浦四丁目バス停付近,広島県 安芸郡坂町 小屋浦 2丁目47,閉鎖,,,,,"https://www.facebook.com/sakatown
http://www.mod.go.jp/j/approach/defense/saigai/h30_ooame/index.html",,広島県,安芸郡坂町,小屋浦 2丁目47,34.3051330,132.5097700,2018-08-10 0:16:00,藤田 周
小屋浦ふれあいセンター付近,広島県 安芸郡坂町 小屋浦 2丁目28-11,閉鎖,,,,,"https://www.facebook.com/sakatown
http://www.mod.go.jp/j/approach/defense/saigai/h30_ooame/index.html",,広島県,安芸郡坂町,小屋浦 2丁目28-11,34.3019810,132.5092150,2018-08-10 0:16:00,藤田 周
上条児童遊園地,広島県 安芸郡坂町 坂西 3丁目11-19,閉鎖,,,,,"https://www.facebook.com/sakatown
http://www.mod.go.jp/j/approach/defense/saigai/h30_ooame/index.html",,広島県,安芸郡坂町,坂西 3丁目11-19,34.3278060,132.5145200,2018-08-10 0:16:00,藤田 周
植田第一公園下,広島県 安芸郡坂町 植田 4丁目13,閉鎖,,,,,"https://www.facebook.com/sakatown
http://www.mod.go.jp/j/approach/defense/saigai/h30_ooame/index.html",,広島県,安芸郡坂町,植田 4丁目13,34.3281130,132.5077850,2018-08-10 0:16:00,藤田 周
坂町役場,広島県 安芸郡坂町 平成ヶ浜 1丁目1-1,閉鎖,,,,,"https://www.facebook.com/sakatown
http://www.mod.go.jp/j/approach/defense/saigai/h30_ooame/index.html",,広島県,安芸郡坂町,平成ヶ浜 1丁目1-1,34.3413270,132.5136250,2018-08-10 0:16:00,藤田 周
町民センター,広島県 安芸郡坂町 平成ヶ浜 1丁目1-1,閉鎖,,,,,"https://www.facebook.com/sakatown
http://www.mod.go.jp/j/approach/defense/saigai/h30_ooame/index.html",,広島県,安芸郡坂町,平成ヶ浜 1丁目1-1,34.3409860,132.5132660,2018-08-10 0:16:00,藤田 周
グランコート坂,広島県 安芸郡坂町 坂東 1丁目1-7,閉鎖,,,,,"https://www.facebook.com/sakatown
http://www.mod.go.jp/j/approach/defense/saigai/h30_ooame/index.html",,広島県,安芸郡坂町,坂東 1丁目1-7,34.3413630,132.5158220,2018-08-10 0:16:00,藤田 周
植田中央公園,広島県 安芸郡坂町 植田 3丁目10,閉鎖,,,,,"https://www.facebook.com/sakatown
http://www.mod.go.jp/j/approach/defense/saigai/h30_ooame/index.html",,広島県,安芸郡坂町,植田 3丁目10,34.3299640,132.5066940,2018-08-10 0:16:00,藤田 周
海田東小学校,広島県 安芸郡海田町 浜角 1-17,閉鎖,,,,,https://www.town.kaita.lg.jp/site/saigaizyoho/110124.html,リンク切れ,広島県,安芸郡海田町,浜角 1-17,34.3731280,132.5482650,2018-08-10 0:16:20,藤田 周
ひまわりプラザ,広島県 安芸郡海田町 南つくも町 11-16,閉鎖,,,,,https://www.town.kaita.lg.jp/site/saigaizyoho/110124.html,リンク切れ,広島県,安芸郡海田町,南つくも町 11-16,34.3654510,132.5312690,2018-08-10 0:16:20,藤田 周
海田町役場,広島県 安芸郡海田町 上市 14-18,閉鎖,,,,,https://www.town.kaita.lg.jp/site/saigaizyoho/110124.html,リンク切れ,広島県,安芸郡海田町,上市 14-18,34.3722470,132.5360830,2018-08-10 0:16:20,藤田 周
海田中学校,広島県 安芸郡海田町 幸町 10-1,閉鎖,,,,,https://www.town.kaita.lg.jp/site/saigaizyoho/110124.html,リンク切れ,広島県,安芸郡海田町,幸町 10-1,34.3681780,132.5442930,2018-08-10 0:16:20,藤田 周
富士運送株式会社,広島県 広島市安芸区 上瀬野町 643-1,閉鎖,,2018-07-19,,実施期間、時刻について明確な記載なし,"http://www.city.hiroshima.lg.jp/www/contents/1531036022911/index.html
http://www.city.hiroshima.lg.jp/www/contents/1531805823369/index.html
http://www.city.hiroshima.lg.jp/www/contents/1531880942831/index.html
http://www.city.hiroshima.lg.jp/www/contents/1531979582861/index.html",,広島県,広島市安芸区,上瀬野町 643-1,34.4352790,132.6345310,2018-08-10 0:16:40,藤田 周
狩小川小学校,広島県 広島市安佐北区 上深川町 1345,閉鎖,,2018-07-19,8:00 - 20:00,実施期間について明確な記載なし,"http://www.city.hiroshima.lg.jp/www/contents/1531537863601/index.html
http://www.city.hiroshima.lg.jp/www/contents/1531878542672/index.html
http://www.city.hiroshima.lg.jp/www/contents/1531976342991/index.html",,広島県,広島市安佐北区,上深川町 1345,34.4814340,132.5667590,2018-08-10 0:16:40,藤田 周
高南小学校,広島県 広島市安佐北区 白木町大字秋山 1188,閉鎖,,2018-07-19,8:00 - 20:00,実施期間について明確な記載なし,"http://www.city.hiroshima.lg.jp/www/contents/1531537863601/index.html
http://www.city.hiroshima.lg.jp/www/contents/1531878542672/index.html
http://www.city.hiroshima.lg.jp/www/contents/1531976342991/index.html",,広島県,広島市安佐北区,白木町大字秋山 1188,34.5500770,132.6591990,2018-08-10 0:16:40,藤田 周
JA広島市白木支店,広島県 広島市安佐北区 白木町大字秋山 2418,閉鎖,,2018-07-19,8:00 - 20:00,実施期間について明確な記載なし,"http://www.city.hiroshima.lg.jp/www/contents/1531537863601/index.html
http://www.city.hiroshima.lg.jp/www/contents/1531878542672/index.html
http://www.city.hiroshima.lg.jp/www/contents/1531976342991/index.html",,広島県,広島市安佐北区,白木町大字秋山 2418,34.5520820,132.6565960,2018-08-10 0:16:40,藤田 周
井原小学校,広島県 広島市安佐北区 白木町大字井原 825,閉鎖,,2018-07-19,8:00 - 20:00,実施期間について明確な記載なし,"http://www.city.hiroshima.lg.jp/www/contents/1531537863601/index.html
http://www.city.hiroshima.lg.jp/www/contents/1531878542672/index.html
http://www.city.hiroshima.lg.jp/www/contents/1531976342991/index.html",,広島県,広島市安佐北区,白木町大字井原 825,34.5860860,132.6772940,2018-08-10 0:16:40,藤田 周
志屋小学校,広島県 広島市安佐北区 白木町大字志路 3890-1,閉鎖,,2018-07-19,8:00 - 20:00,実施期間について明確な記載なし,"http://www.city.hiroshima.lg.jp/www/contents/1531537863601/index.html
http://www.city.hiroshima.lg.jp/www/contents/1531878542672/index.html
http://www.city.hiroshima.lg.jp/www/contents/1531976342991/index.html",,広島県,広島市安佐北区,白木町大字志路 3890-1,34.5783470,132.6178760,2018-08-10 0:16:40,藤田 周
中野東小学校,広島県 広島市安芸区 中野 5丁目11-1,閉鎖,,,,,http://www.city.hiroshima.lg.jp/www/contents/1531036022911/index.html,,広島県,広島市安芸区,中野 5丁目11-1,34.4036230,132.5812210,2018-08-10 0:16:40,藤田 周
瀬野川公園入口,広島県 広島市安芸区 上瀬野町,閉鎖,,,,,http://www.city.hiroshima.lg.jp/www/contents/1531036022911/index.html,,広島県,広島市安芸区,上瀬野町,34.4280200,132.6352600,2018-08-10 0:16:40,藤田 周
畑賀福祉センター,広島県 広島市安芸区 畑賀 3丁目30-14,閉鎖,,,,,"http://www.city.hiroshima.lg.jp/www/contents/1531036022911/index.html
http://www.city.hiroshima.lg.jp/www/contents/1531805823369/index.html
http://www.city.hiroshima.lg.jp/www/contents/1531880942831/index.html
http://www.city.hiroshima.lg.jp/www/contents/1531979582861/index.html",,広島県,広島市安芸区,畑賀 3丁目30-14,34.3942600,132.5509850,2018-08-10 0:16:40,藤田 周
セブンイレブン矢野寺屋敷店,広島県 広島市安芸区 矢野町字寺屋敷 745-1,閉鎖,,,,,"http://www.city.hiroshima.lg.jp/www/contents/1531036022911/index.html
http://www.city.hiroshima.lg.jp/www/contents/1531880942831/index.html
http://www.city.hiroshima.lg.jp/www/contents/1531979582861/index.html",,広島県,広島市安芸区,矢野町字寺屋敷 745-1,34.3165760,132.5531290,2018-08-10 0:16:40,藤田 周
阿戸小学校,広島県 広島市安芸区 阿戸町 2862‐1,閉鎖,,,,実施期間、開始時間について明確な記載なし,http://www.city.hiroshima.lg.jp/www/contents/1531036022911/index.html,,広島県,広島市安芸区,阿戸町 2862‐1,34.3849830,132.6266320,2018-08-10 0:16:40,藤田 周
畑賀小学校,広島県 広島市安芸区 畑賀 3丁目28-16,閉鎖,,,,実施期間、開始時間について明確な記載なし,http://www.city.hiroshima.lg.jp/www/contents/1531036022911/index.html,,広島県,広島市安芸区,畑賀 3丁目28-16,34.3939840,132.5502630,2018-08-10 0:16:40,藤田 周
三田小学校,広島県 広島市安佐北区 白木町大字三田 2649,閉鎖,,,,,"http://www.city.hiroshima.lg.jp/www/contents/1531537863601/index.html
http://www.city.hiroshima.lg.jp/www/contents/1531878542672/index.html
http://www.city.hiroshima.lg.jp/www/contents/1531976342991/index.html",,広島県,広島市安佐北区,白木町大字三田 2649,34.5129420,132.6116840,2018-08-10 0:16:40,藤田 周
鳥井原バス停前（広交観光バス転向場）,広島県 広島市安佐北区 白木町大字三田,閉鎖,,,,,"http://www.city.hiroshima.lg.jp/www/contents/1531537863601/index.html
http://www.city.hiroshima.lg.jp/www/contents/1531878542672/index.html
http://www.city.hiroshima.lg.jp/www/contents/1531976342991/index.html",,広島県,広島市安佐北区,白木町大字三田,34.5285860,132.6358100,2018-08-10 0:16:40,藤田 周
向原生涯学習センターみらい,広島県 安芸高田市 向原町坂 333,閉鎖,,,,,"http://www.city.hiroshima.lg.jp/www/contents/1531537863601/index.html
http://www.city.hiroshima.lg.jp/www/contents/1531878542672/index.html
http://www.city.hiroshima.lg.jp/www/contents/1531976342991/index.html
http://www.akitakata.jp/ja/shisei/section/gesui/q752/
http://www.akitakata.jp/ja/shisei/section/gesui/z515/",,広島県,安芸高田市,向原町坂 333,34.6111570,132.7193050,2018-08-10 0:17:30,藤田 周
旧火葬場跡地,広島県 三次市 十日市南3丁目【番地以下不明】,閉鎖,「十日市南3丁目」の中心付近にマッピング,,,,http://www.city.miyoshi.hiroshima.jp/suidou_m/oshirase/kyuusui_suidou.html,リンク切れのため不明とする,広島県,三次市,十日市南3丁目【番地以下不明】,34.7979200,132.8621000,2018-08-10 0:17:50,藤田 周
大樽団地入口付近の広場,広島県 三次市 十日市南6丁目【番地以下不明】,閉鎖,「十日市南6丁目」の中心付近にマッピング,,,,http://www.city.miyoshi.hiroshima.jp/suidou_m/oshirase/kyuusui_suidou.html,リンク切れのため不明とする,広島県,三次市,十日市南6丁目【番地以下不明】,34.7990590,132.8534760,2018-08-10 0:17:50,藤田 周
有限会社北条産業運輸前,広島県 竹原市 田万里町 456-3,閉鎖,,,,,http://www.city.takehara.lg.jp/soumu/bousai/kyuusui_1.html,,広島県,竹原市,田万里町 456-3,34.4072540,132.8295200,2018-08-10 0:19:20,藤田 周
田万里公民館,広島県 竹原市 田万里町 1229-1,閉鎖,,,,,http://www.city.takehara.lg.jp/soumu/bousai/kyuusui_1.html,,広島県,竹原市,田万里町 1229-1,34.4085560,132.8384140,2018-08-10 0:19:20,藤田 周
枌谷集会所,広島県 竹原市 新庄町,閉鎖,,,,,http://www.city.takehara.lg.jp/soumu/bousai/kyuusui_1.html,,広島県,竹原市,新庄町,34.4197060,132.8977530,2018-08-10 0:19:20,藤田 周
田万里生活改善センター前,広島県 竹原市 田万里町 1336-1,閉鎖,,,,,http://www.mod.go.jp/j/approach/defense/saigai/h30_ooame/index.html,,広島県,竹原市,田万里町 1336-1,34.4082020,132.8418040,2018-08-10 0:19:20,藤田 周
エネオスウイング広島東TS北側 市道横大道大橋線沿い広場,広島県 竹原市 西野町,閉鎖,,,,,http://www.city.takehara.lg.jp/soumu/bousai/kyuusui_1.html,,広島県,竹原市,西野町,34.3972200,132.8751230,2018-08-10 0:19:20,藤田 周
国道432号沿い葛子古墳向側 太陽光パネル敷地入口,広島県 竹原市 新庄町,閉鎖,,,,,http://www.city.takehara.lg.jp/soumu/bousai/kyuusui_1.html,,広島県,竹原市,新庄町,34.4028970,132.8929470,2018-08-10 0:19:20,藤田 周
仁賀ダム多目的広場,広島県 竹原市 仁賀町,閉鎖,,,,,http://www.city.takehara.lg.jp/soumu/bousai/kyuusui_1.html,,広島県,竹原市,仁賀町,34.3865900,132.8339760,2018-08-10 0:19:20,藤田 周
仁賀小学校 体育館,広島県 竹原市 仁賀町 1280,閉鎖,,,,,http://www.city.takehara.lg.jp/soumu/bousai/kyuusui_1.html,,広島県,竹原市,仁賀町 1280,34.3761190,132.8481040,2018-08-10 0:19:20,藤田 周
西野集会所横 広場,広島県 竹原市 西野町 1337-1,閉鎖,,,,,http://www.city.takehara.lg.jp/soumu/bousai/kyuusui_1.html,,広島県,竹原市,西野町 1337-1,34.3969780,132.8656000,2018-08-10 0:19:20,藤田 周
小梨公民館,広島県 竹原市 小梨町 10381-1,閉鎖,,,,,http://www.city.takehara.lg.jp/soumu/bousai/kyuusui_1.html,,広島県,竹原市,小梨町 10381-1,34.3691100,132.9209250,2018-08-10 0:19:20,藤田 周
湯坂集会所横 広場,広島県 竹原市 西野町 331-1,閉鎖,,,,,http://www.city.takehara.lg.jp/soumu/bousai/kyuusui_1.html,,広島県,竹原市,西野町 331-1,34.3902090,132.8716800,2018-08-10 0:19:20,藤田 周
東洋コルク株式会社,広島県 竹原市 東野町字下垣内 1660,閉鎖,,,,,http://www.city.takehara.lg.jp/soumu/bousai/kyuusui_1.html,,広島県,竹原市,東野町字下垣内 1660,34.3798140,132.8882130,2018-08-10 0:19:20,藤田 周
東野小学校,広島県 竹原市 東野町 914,閉鎖,,,,,http://www.city.takehara.lg.jp/soumu/bousai/kyuusui_1.html,,広島県,竹原市,東野町 914,34.3728940,132.8825750,2018-08-10 0:19:20,藤田 周
賀茂川中学校,広島県 竹原市 東野町 2051-1,閉鎖,,,,,http://www.city.takehara.lg.jp/soumu/bousai/kyuusui_1.html,,広島県,竹原市,東野町 2051-1,34.3907200,132.8899120,2018-08-10 0:19:20,藤田 周
荘野小学校,広島県 竹原市 西野町 2025,閉鎖,,,,,http://www.city.takehara.lg.jp/soumu/bousai/kyuusui_1.html,,広島県,竹原市,西野町 2025,34.3963500,132.8871910,2018-08-10 0:19:20,藤田 周