#,施設名,ステータス（表示用）,ステータス,キャリア,所在地,緯度,経度,マッピング上の特記事項,提供サービス,開設時間,定休日,対象者,利用に関する特記事項,出典,出典確認日時,都道府県,市区町村,地名以下
1,ドコモショップ厚別西店,通常営業（ドコモ）,通常営業,ドコモ,北海道 札幌市厚別区 厚別西2条5丁目3-13,43.0508643,141.4705862,,充電,10:00 - 19:00,第3水曜,,,https://www.nttdocomo.co.jp/info/notice/hokkaido/pages/180906_1_d.html,2018-09-14 3:15:40,北海道,札幌市厚別区,厚別西2条5丁目3-13
2,ドコモショップキャポ大谷地店,通常営業（ドコモ）,通常営業,ドコモ,北海道 札幌市厚別区 大谷地東3丁目3-20,43.0262056,141.4540138,,充電,10:00 - 20:00,無休,,,https://www.nttdocomo.co.jp/info/notice/hokkaido/pages/180906_1_d.html,2018-09-14 3:15:40,北海道,札幌市厚別区,大谷地東3丁目3-20
3,ドコモショップ新札幌店,通常営業（ドコモ）,通常営業,ドコモ,北海道 札幌市厚別区 厚別中央2条5丁目2-30 新札幌ジェムシティ1F,43.0386813,141.470476,,充電,10:00 - 19:00,第2木曜,,,https://www.nttdocomo.co.jp/info/notice/hokkaido/pages/180906_1_d.html,2018-09-14 3:15:40,北海道,札幌市厚別区,厚別中央2条5丁目2-30 新札幌ジェムシティ1F
4,ドコモショップあいの里店,通常営業（ドコモ）,通常営業,ドコモ,北海道 札幌市北区 あいの里1条5-1-10,43.1556552,141.3974474,,充電,10:00 - 20:00（土曜・日曜・祝日は10:00 - 19:00）,第2木曜,,,https://www.nttdocomo.co.jp/info/notice/hokkaido/pages/180906_1_d.html,2018-09-14 3:15:40,北海道,札幌市北区,あいの里1条5-1-10
5,ドコモショップ麻生店,通常営業（ドコモ）,通常営業,ドコモ,北海道 札幌市北区 麻生町4丁目12-13 Sato BLD. 1F,43.111292,141.33873,,充電,10:00 - 19:00,第2水曜,,,https://www.nttdocomo.co.jp/info/notice/hokkaido/pages/180906_1_d.html,2018-09-14 3:15:40,北海道,札幌市北区,麻生町4丁目12-13 Sato BLD. 1F
6,ドコモショップ札幌北大通り店,通常営業（ドコモ）,通常営業,ドコモ,北海道 札幌市北区 北21条西4丁目2-28,43.0869425,141.3441591,,充電,10:00 - 19:00,第2木曜,,,https://www.nttdocomo.co.jp/info/notice/hokkaido/pages/180906_1_d.html,2018-09-14 3:15:40,北海道,札幌市北区,北21条西4丁目2-28
7,ドコモショップ篠路店,通常営業（ドコモ）,通常営業,ドコモ,北海道 札幌市北区 篠路3条4丁目1-1,43.144535,141.3575655,,充電,10:00 - 19:00,第3火曜,,,https://www.nttdocomo.co.jp/info/notice/hokkaido/pages/180906_1_d.html,2018-09-14 3:15:40,北海道,札幌市北区,篠路3条4丁目1-1
8,ドコモショップ新琴似店,通常営業（ドコモ）,通常営業,ドコモ,北海道 札幌市北区 新琴似7条10丁目4-20,43.1180904,141.3207227,,充電,10:00 - 19:00,第3水曜,,,https://www.nttdocomo.co.jp/info/notice/hokkaido/pages/180906_1_d.html,2018-09-14 3:15:40,北海道,札幌市北区,新琴似7条10丁目4-20
9,ドコモショップ屯田店,通常営業（ドコモ）,通常営業,ドコモ,北海道 札幌市北区 屯田8条2-8-3,43.1402352,141.3433167,,充電,10:00 - 19:00,第2木曜,,,https://www.nttdocomo.co.jp/info/notice/hokkaido/pages/180906_1_d.html,2018-09-14 3:15:40,北海道,札幌市北区,屯田8条2-8-3
10,ドコモショップ美しが丘店,通常営業（ドコモ）,通常営業,ドコモ,北海道 札幌市清田区 美しが丘3条5丁目9-1,42.9813214,141.4533584,,充電,10:00 - 19:00,第3木曜,,,https://www.nttdocomo.co.jp/info/notice/hokkaido/pages/180906_1_d.html,2018-09-14 3:15:40,北海道,札幌市清田区,美しが丘3条5丁目9-1
11,ドコモショップ清田店,通常営業（ドコモ）,通常営業,ドコモ,北海道 札幌市清田区 清田2条1-3-25 第2晃和ビル 1階,43.0053837,141.4305214,,充電,10:00 - 19:00,第2木曜,,,https://www.nttdocomo.co.jp/info/notice/hokkaido/pages/180906_1_d.html,2018-09-14 3:15:40,北海道,札幌市清田区,清田2条1-3-25 第2晃和ビル 1階
12,ドコモショップ平岡店,通常営業（ドコモ）,通常営業,ドコモ,北海道 札幌市清田区 北野4条 5-7,43.0101513,141.4478932,,充電,"10:00 - 20:00

【営業時間変更】
・2018年9月21日（金）：午前10時〜午後10時
・2018年9月22日（土）：午前10時〜午後10時
・2018年9月23日（日）：午前10時〜午後10時 ",第2火曜,,,https://www.nttdocomo.co.jp/info/notice/hokkaido/pages/180906_1_d.html,2018-09-14 3:15:40,北海道,札幌市清田区,北野4条 5-7
13,ドコモショップ北郷店,通常営業（ドコモ）,通常営業,ドコモ,北海道 札幌市白石区 北郷5条7-1-30,43.0563955,141.4256647,,充電,10:00 - 19:00,第3水曜,,,https://www.nttdocomo.co.jp/info/notice/hokkaido/pages/180906_1_d.html,2018-09-14 3:15:40,北海道,札幌市白石区,北郷5条7-1-30
14,ドコモショップ白石中央店,通常営業（ドコモ）,通常営業,ドコモ,北海道 札幌市白石区 中央2条6-10-23,43.0535589,141.4022117,,充電,10:00 - 19:00,"第2木曜

【臨時営業日】
2018年12月13日（木）

【臨時休業日】
2018年10月17日（水）",,,https://www.nttdocomo.co.jp/info/notice/hokkaido/pages/180906_1_d.html,2018-09-14 3:15:40,北海道,札幌市白石区,中央2条6-10-23
15,ドコモショップ南郷店,通常営業（ドコモ）,通常営業,ドコモ,北海道 札幌市白石区 南郷通8丁目北2ー25 第3タヂカビル1F,43.0396633,141.4134224,,充電,10:00 - 19:00,第2火曜,,,https://www.nttdocomo.co.jp/info/notice/hokkaido/pages/180906_1_d.html,2018-09-14 3:15:40,北海道,札幌市白石区,南郷通8丁目北2ー25 第3タヂカビル1F
16,ドコモショップ東札幌店,通常営業（ドコモ）,通常営業,ドコモ,北海道 札幌市白石区 東札幌3条4丁目 1-1,43.0498005,141.3891771,,充電,10:00 - 19:00,"第3水曜

【臨時営業日】
2018年9月19日（水）",,,https://www.nttdocomo.co.jp/info/notice/hokkaido/pages/180906_1_d.html,2018-09-14 3:15:40,北海道,札幌市白石区,東札幌3条4丁目 1-1
17,ドコモショップAPiA店,通常営業（ドコモ）,通常営業,ドコモ,北海道 札幌市中央区 北5条西3 札幌駅南口広場地下街,43.0677411,141.3510528,,充電,10:00 - 20:00（地震の影響により20:00までの営業）,無休,,,https://www.nttdocomo.co.jp/info/notice/hokkaido/pages/180906_1_d.html,2018-09-14 3:15:40,北海道,札幌市中央区,北5条西3 札幌駅南口広場地下街
18,ドコモショップ石山通店,通常営業（ドコモ）,通常営業,ドコモ,北海道 札幌市中央区 南23条西11丁目2-3 北海建工ビル1F,43.028874,141.344846,,充電,10:00 - 19:00,第3木曜,,,https://www.nttdocomo.co.jp/info/notice/hokkaido/pages/180906_1_d.html,2018-09-14 3:15:40,北海道,札幌市中央区,南23条西11丁目2-3 北海建工ビル1F
19,ドコモショップ大通ビッセ店,通常営業（ドコモ）,通常営業,ドコモ,北海道 札幌市中央区 大通西3丁目7 北洋大通センター 3階,43.0612484,141.3527069,,充電,"11:00 - 20:00

【営業時間変更】
2018年10月20日（土）：11:00 - 17:00",第2水曜,,,https://www.nttdocomo.co.jp/info/notice/hokkaido/pages/180906_1_d.html,2018-09-14 3:15:40,北海道,札幌市中央区,大通西3丁目7 北洋大通センター 3階
20,ドコモショップ札幌駅前通チカホ店,通常営業（ドコモ）,通常営業,ドコモ,北海道 札幌市中央区 北2条西3丁目1-20 sitatte sapporo 地下1F,43.064211,141.3515341,,充電,11:00 - 20:00,無休,,,https://www.nttdocomo.co.jp/info/notice/hokkaido/pages/180906_1_d.html,2018-09-14 3:15:40,北海道,札幌市中央区,北2条西3丁目1-20 sitatte sapporo 地下1F
21,ドコモショップ札幌店,通常営業（ドコモ）,通常営業,ドコモ,北海道 札幌市中央区 南1条西1丁目4 大成札幌ビル1F,43.0597577,141.3561951,,充電,11:00 - 20:00（土曜・日曜：10:00 - 19:00）,第2火曜,,,https://www.nttdocomo.co.jp/info/notice/hokkaido/pages/180906_1_d.html,2018-09-14 3:15:40,北海道,札幌市中央区,南1条西1丁目4 大成札幌ビル1F
22,ドコモショップサッポロファクトリー店,通常営業（ドコモ）,通常営業,ドコモ,北海道 札幌市中央区 北2条東4 サッポロファクトリー・フロンティア館 2階,43.0640225,141.3626102,,充電,10:00 - 20:00,"無休

【臨時休業日】
2018年10月11日（木）
2018年11月8日（木）
2019年2月14日（木）",,,https://www.nttdocomo.co.jp/info/notice/hokkaido/pages/180906_1_d.html,2018-09-14 3:15:40,北海道,札幌市中央区,北2条東4 サッポロファクトリー・フロンティア館 2階
23,ドコモショップ札幌山鼻店,通常営業（ドコモ）,通常営業,ドコモ,北海道 札幌市中央区 南11条西 16-1-8,43.0448445,141.3332182,,充電,10:00 - 19:00,第2木曜,,,https://www.nttdocomo.co.jp/info/notice/hokkaido/pages/180906_1_d.html,2018-09-14 3:15:40,北海道,札幌市中央区,南11条西 16-1-8
24,ドコモショップススキノ十字街店,通常営業（ドコモ）,通常営業,ドコモ,北海道 札幌市中央区 南4条西3丁目9-4 ススキノ十字街ビル,43.056023,141.353537,,充電,10:00 - 21:00（日曜・祝日：10:00 - 19:00）,第2木曜,,,https://www.nttdocomo.co.jp/info/notice/hokkaido/pages/180906_1_d.html,2018-09-14 3:15:40,北海道,札幌市中央区,南4条西3丁目9-4 ススキノ十字街ビル
25,ドコモショップ桑園店,通常営業（ドコモ）,通常営業,ドコモ,北海道 札幌市中央区 北9条西15丁目28-196 札幌ITフロントビル1階,43.0694226,141.3316287,,充電,10:00 - 19:00,第2火曜,,,https://www.nttdocomo.co.jp/info/notice/hokkaido/pages/180906_1_d.html,2018-09-14 3:15:40,北海道,札幌市中央区,北9条西15丁目28-196 札幌ITフロントビル1階
26,ドコモショップ中島公園店,通常営業（ドコモ）,通常営業,ドコモ,北海道 札幌市中央区 南9条西6丁目1-25 カームハイツ1F,43.0483539,141.3501121,,充電,10:00 - 19:00,第2木曜,,,https://www.nttdocomo.co.jp/info/notice/hokkaido/pages/180906_1_d.html,2018-09-14 3:15:40,北海道,札幌市中央区,南9条西6丁目1-25 カームハイツ1F
27,ドコモショップポールタウン店,通常営業（ドコモ）,通常営業,ドコモ,北海道 札幌市中央区 南2条西3丁目8 地下街ポールタウン,43.057738,141.3531878,,充電,10:00 - 20:00,無休,,,https://www.nttdocomo.co.jp/info/notice/hokkaido/pages/180906_1_d.html,2018-09-14 3:15:40,北海道,札幌市中央区,南2条西3丁目8 地下街ポールタウン
28,ドコモショップ円山店,通常営業（ドコモ）,通常営業,ドコモ,北海道 札幌市中央区 大通西21丁目1-12,43.0567011,141.3245599,,充電,10:00 - 19:00,第2水曜,,,https://www.nttdocomo.co.jp/info/notice/hokkaido/pages/180906_1_d.html,2018-09-14 3:15:40,北海道,札幌市中央区,大通西21丁目1-12
29,ドコモショップ南大通店,通常営業（ドコモ）,通常営業,ドコモ,北海道 札幌市中央区 南1条西5丁目 郵政福祉札幌第1ビル1F,43.058776,141.34948,,充電,10:00 - 19:00,第2水曜,,,https://www.nttdocomo.co.jp/info/notice/hokkaido/pages/180906_1_d.html,2018-09-14 3:15:40,北海道,札幌市中央区,南1条西5丁目 郵政福祉札幌第1ビル1F
30,ドコモショップ新発寒店,通常営業（ドコモ）,通常営業,ドコモ,北海道 札幌市手稲区 新発寒4条4丁目8-12,43.113734,141.2716779,,充電,10:00 - 19:00,第2水曜,,,https://www.nttdocomo.co.jp/info/notice/hokkaido/pages/180906_1_d.html,2018-09-14 3:15:40,北海道,札幌市手稲区,新発寒4条4丁目8-12
31,ドコモショップ手稲店,通常営業（ドコモ）,通常営業,ドコモ,北海道 札幌市手稲区 前田6条11丁目1-12,43.1264879,141.2540537,,充電,10:00 - 20:00（日曜・祝日：10:00 - 19:00）,第2火曜,,,https://www.nttdocomo.co.jp/info/notice/hokkaido/pages/180906_1_d.html,2018-09-14 3:15:40,北海道,札幌市手稲区,前田6条11丁目1-12
32,ドコモショップ星置店,通常営業（ドコモ）,通常営業,ドコモ,北海道 札幌市手稲区 星置1条3丁目3-10,43.1333413,141.2109895,,充電,10:00 - 20:00（日曜・祝日：10:00 - 19:00）,第2木曜,,,https://www.nttdocomo.co.jp/info/notice/hokkaido/pages/180906_1_d.html,2018-09-14 3:15:40,北海道,札幌市手稲区,星置1条3丁目3-10
33,ドコモショップ西岡店,通常営業（ドコモ）,通常営業,ドコモ,北海道 札幌市豊平区 西岡3条1丁目4-1,43.0235089,141.3910698,,充電,10:00 - 19:00,第2火曜,,,https://www.nttdocomo.co.jp/info/notice/hokkaido/pages/180906_1_d.html,2018-09-14 3:15:40,北海道,札幌市豊平区,西岡3条1丁目4-1
34,ドコモショップ美園店,通常営業（ドコモ）,通常営業,ドコモ,北海道 札幌市豊平区 美園3条1丁目1-26,43.0446759,141.3827111,,充電,10:00 - 19:00,第2水曜,,,https://www.nttdocomo.co.jp/info/notice/hokkaido/pages/180906_1_d.html,2018-09-14 3:15:40,北海道,札幌市豊平区,美園3条1丁目1-26
35,ドコモショップ南平岸店,通常営業（ドコモ）,通常営業,ドコモ,北海道 札幌市豊平区 平岸3条12丁目1-23,43.0282414,141.3684826,,充電,10:00 - 19:00,第2水曜,,,https://www.nttdocomo.co.jp/info/notice/hokkaido/pages/180906_1_d.html,2018-09-14 3:15:40,北海道,札幌市豊平区,平岸3条12丁目1-23
36,ドコモショップ琴似店,通常営業（ドコモ）,通常営業,ドコモ,北海道 札幌市西区 琴似1条1丁目6-8 バームハイツ琴似 1階,43.0794928,141.307413,,充電,10:00 - 19:00,第2火曜,,,https://www.nttdocomo.co.jp/info/notice/hokkaido/pages/180906_1_d.html,2018-09-14 3:15:40,北海道,札幌市西区,琴似1条1丁目6-8 バームハイツ琴似 1階
37,ドコモショップ札幌八軒店,通常営業（ドコモ）,通常営業,ドコモ,北海道 札幌市西区 八軒6条西6丁目1-10,43.0918682,141.3076204,,充電,10:00 - 20:00（日曜・祝日：10:00 - 19:00）,第2木曜,,,https://www.nttdocomo.co.jp/info/notice/hokkaido/pages/180906_1_d.html,2018-09-14 3:15:40,北海道,札幌市西区,八軒6条西6丁目1-10
38,ドコモショップ西町店,通常営業（ドコモ）,通常営業,ドコモ,北海道 札幌市西区 西町南1丁目2-1 千代田発寒橋ビル1F,43.0767382,141.2924647,,充電,10:00 - 20:00（日曜・祝日：10:00 - 19:00）,第2火曜,,,https://www.nttdocomo.co.jp/info/notice/hokkaido/pages/180906_1_d.html,2018-09-14 3:15:40,北海道,札幌市西区,西町南1丁目2-1 千代田発寒橋ビル1F
39,ドコモショップ宮の沢店,通常営業（ドコモ）,通常営業,ドコモ,北海道 札幌市西区 宮の沢1条5丁目1-7 1階,43.0934972,141.2655268,,充電,10:00 - 19:00,第3水曜,,,https://www.nttdocomo.co.jp/info/notice/hokkaido/pages/180906_1_d.html,2018-09-14 3:15:40,北海道,札幌市西区,宮の沢1条5丁目1-7 1階
40,ドコモショップ北34条東店,通常営業（ドコモ）,通常営業,ドコモ,北海道 札幌市東区 北34条東8丁目1-5,43.104127,141.3584762,,充電,10:00 - 19:00,第2水曜,,,https://www.nttdocomo.co.jp/info/notice/hokkaido/pages/180906_1_d.html,2018-09-14 3:15:40,北海道,札幌市東区,北34条東8丁目1-5
41,ドコモショップ栄町店,通常営業（ドコモ）,通常営業,ドコモ,北海道 札幌市東区 北41条東17丁目2-5,43.1129704,141.3689247,,充電,10:00 - 19:00,第2火曜,,,https://www.nttdocomo.co.jp/info/notice/hokkaido/pages/180906_1_d.html,2018-09-14 3:15:40,北海道,札幌市東区,北41条東17丁目2-5
42,ドコモショップ札幌光星店,通常営業（ドコモ）,通常営業,ドコモ,北海道 札幌市東区 北7条東8丁目2-5 FA-N7ビル 1階,43.0720947,141.365891,,充電,10:00 - 19:00,第2火曜,,,https://www.nttdocomo.co.jp/info/notice/hokkaido/pages/180906_1_d.html,2018-09-14 3:15:40,北海道,札幌市東区,北7条東8丁目2-5 FA-N7ビル 1階
43,ドコモショップ苗穂店,通常営業（ドコモ）,通常営業,ドコモ,北海道 札幌市東区 東苗穂2条3丁目5-35,43.0786981,141.4051127,,充電,10:00 - 19:00,第2木曜,,,https://www.nttdocomo.co.jp/info/notice/hokkaido/pages/180906_1_d.html,2018-09-14 3:15:40,北海道,札幌市東区,東苗穂2条3丁目5-35
44,ドコモショップ伏古店,通常営業（ドコモ）,通常営業,ドコモ,北海道 札幌市東区 伏古5条3丁目4-6,43.0878189,141.3931966,,充電,10:00 - 19:00,第3木曜,,,https://www.nttdocomo.co.jp/info/notice/hokkaido/pages/180906_1_d.html,2018-09-14 3:15:40,北海道,札幌市東区,伏古5条3丁目4-6
45,ドコモショップ澄川店,通常営業（ドコモ）,通常営業,ドコモ,北海道 札幌市南区 澄川3条3丁目4-5 ジンビル澄川2 1階,43.0145532,141.3658928,,充電,10:00 - 19:00,第2火曜,,,https://www.nttdocomo.co.jp/info/notice/hokkaido/pages/180906_1_d.html,2018-09-14 3:15:40,北海道,札幌市南区,澄川3条3丁目4-5 ジンビル澄川2 1階
46,ドコモショップ藤野店,通常営業（ドコモ）,通常営業,ドコモ,北海道 札幌市南区 石山2条9丁目7-53,42.9608447,141.3153984,,充電,10:00 - 19:00,第2水曜,,,https://www.nttdocomo.co.jp/info/notice/hokkaido/pages/180906_1_d.html,2018-09-14 3:15:40,北海道,札幌市南区,石山2条9丁目7-53
47,ドコモショップ真駒内川沿店,通常営業（ドコモ）,通常営業,ドコモ,北海道 札幌市南区 川沿8条2丁目1-2,42.9876698,141.3340045,,充電,10:00 - 19:00,第2火曜,,,https://www.nttdocomo.co.jp/info/notice/hokkaido/pages/180906_1_d.html,2018-09-14 3:15:40,北海道,札幌市南区,川沿8条2丁目1-2
48,ドコモショップ網走つくしヶ丘店,通常営業（ドコモ）,通常営業,ドコモ,北海道 網走市 つくしヶ丘1-1-8,43.9970818,144.287759,,充電,10:00 - 19:00,第3水曜,,,https://www.nttdocomo.co.jp/info/notice/hokkaido/pages/180906_1_d.html,2018-09-14 3:15:40,北海道,網走市,つくしヶ丘1-1-8
49,ドコモショップオホーツク網走店,通常営業（ドコモ）,通常営業,ドコモ,北海道 網走市 新町2丁目2-3,44.020362,144.2558415,,充電,10:00 - 19:00,第2火曜,,,https://www.nttdocomo.co.jp/info/notice/hokkaido/pages/180906_1_d.html,2018-09-14 3:15:40,北海道,網走市,新町2丁目2-3
50,ドコモショップオホーツク遠軽店,通常営業（ドコモ）,通常営業,ドコモ,北海道 紋別郡遠軽町 大通北1丁目2-37,44.0596006,143.5236781,,充電,10:00 - 19:00,第2火曜,,,https://www.nttdocomo.co.jp/info/notice/hokkaido/pages/180906_1_d.html,2018-09-14 3:15:40,北海道,紋別郡遠軽町,大通北1丁目2-37
51,ドコモショップオホーツク斜里店,通常営業（ドコモ）,通常営業,ドコモ,北海道 斜里郡斜里町 青葉町33-6,43.9014357,144.6630168,,充電,10:00 - 19:00,第2火曜,,,https://www.nttdocomo.co.jp/info/notice/hokkaido/pages/180906_1_d.html,2018-09-14 3:15:40,北海道,斜里郡斜里町,青葉町33-6
52,ドコモショップオホーツク店,通常営業（ドコモ）,通常営業,ドコモ,北海道 北見市 とん田西町226-2 ドコモショップオホーツクビル1階,43.7988338,143.8744439,,充電,10:00 - 19:00,第2火曜,,,https://www.nttdocomo.co.jp/info/notice/hokkaido/pages/180906_1_d.html,2018-09-14 3:15:40,北海道,北見市,とん田西町226-2 ドコモショップオホーツクビル1階
53,ドコモショップオホーツク東店,通常営業（ドコモ）,通常営業,ドコモ,北海道 北見市 大通東4丁目4,43.80842,143.8990615,,充電,10:00 - 19:00,第1火曜,,,https://www.nttdocomo.co.jp/info/notice/hokkaido/pages/180906_1_d.html,2018-09-14 3:15:40,北海道,北見市,大通東4丁目4
54,ドコモショップオホーツク美幌店,通常営業（ドコモ）,通常営業,ドコモ,北海道 網走郡美幌町 字稲美68,43.8186936,144.1158912,,充電,10:00 - 19:00,第2火曜,,,https://www.nttdocomo.co.jp/info/notice/hokkaido/pages/180906_1_d.html,2018-09-14 3:15:40,北海道,網走郡美幌町,字稲美68
55,ドコモショップオホーツク紋別店,通常営業（ドコモ）,通常営業,ドコモ,北海道 紋別市 落石町4-17-7,44.3653496,143.3366228,,充電,10:00 - 19:00,第2水曜,,,https://www.nttdocomo.co.jp/info/notice/hokkaido/pages/180906_1_d.html,2018-09-14 3:15:40,北海道,紋別市,落石町4-17-7
56,ドコモショップ端野店,通常営業（ドコモ）,通常営業,ドコモ,北海道 北見市 端野町三区572-1 東武イーストモール店内,43.841309,143.928588,,充電,9:00 - 20:00,無休,,,https://www.nttdocomo.co.jp/info/notice/hokkaido/pages/180906_1_d.html,2018-09-14 3:15:40,北海道,北見市,端野町三区572-1 東武イーストモール店内
57,ドコモショップ日専連NiCC店,通常営業（ドコモ）,通常営業,ドコモ,北海道 北見市 北2条西3丁目10 ナップスビル1F,43.8042471,143.8926149,,充電,10:00 - 19:00,第3水曜,,,https://www.nttdocomo.co.jp/info/notice/hokkaido/pages/180906_1_d.html,2018-09-14 3:15:40,北海道,北見市,北2条西3丁目10 ナップスビル1F
58,ドコモショップ朝里店,通常営業（ドコモ）,通常営業,ドコモ,北海道 小樽市 新光2-1-5,43.1744319,141.0581019,,充電,10:00 - 20:00,第2木曜,,,https://www.nttdocomo.co.jp/info/notice/hokkaido/pages/180906_1_d.html,2018-09-14 3:15:40,北海道,小樽市,新光2-1-5
59,ドコモショップ芦別店,通常営業（ドコモ）,通常営業,ドコモ,北海道 芦別市 北2条西1丁目1番地,43.5203157,142.1855644,,充電,10:00 - 19:00,第2木曜,,,https://www.nttdocomo.co.jp/info/notice/hokkaido/pages/180906_1_d.html,2018-09-14 3:15:40,北海道,芦別市,北2条西1丁目1番地
60,ドコモショップ石狩店,通常営業（ドコモ）,通常営業,ドコモ,北海道 石狩市 樽川9条1丁目5-1,43.1435754,141.2760173,,充電,10:00 - 19:00,第2木曜,,,https://www.nttdocomo.co.jp/info/notice/hokkaido/pages/180906_1_d.html,2018-09-14 3:15:40,北海道,石狩市,樽川9条1丁目5-1
61,ドコモショップ岩見沢店,通常営業（ドコモ）,通常営業,ドコモ,北海道 岩見沢市 10条西2丁目1-1,43.1970747,141.7711891,,充電,10:00 - 19:00,第2木曜,,,https://www.nttdocomo.co.jp/info/notice/hokkaido/pages/180906_1_d.html,2018-09-14 3:15:40,北海道,岩見沢市,10条西2丁目1-1
62,ドコモショップウイングベイ小樽店,通常営業（ドコモ）,通常営業,ドコモ,北海道 小樽市 築港11番 ウィングベイ小樽3番街1F,43.1825605,141.0260108,,充電,10:00 - 20:00,無休,,,https://www.nttdocomo.co.jp/info/notice/hokkaido/pages/180906_1_d.html,2018-09-14 3:15:40,北海道,小樽市,築港11番 ウィングベイ小樽3番街1F
63,ドコモショップ恵庭店,通常営業（ドコモ）,通常営業,ドコモ,北海道 恵庭市 住吉町1-6-5,42.8752795,141.5831957,,充電,10:00 - 19:00,第2木曜,,,https://www.nttdocomo.co.jp/info/notice/hokkaido/pages/180906_1_d.html,2018-09-14 3:15:40,北海道,恵庭市,住吉町1-6-5
64,ドコモショップ江別店,通常営業（ドコモ）,通常営業,ドコモ,北海道 江別市 野幌町 26-9,43.0967061,141.5294726,,充電,"10:00 - 20:00

【営業時間変更】
2018年9月21日（金）：10:00 - 22:00
2018年9月22日（土）：10:00 - 22:00
2018年9月23日（日）：10:00 - 22:00",第2木曜,,,https://www.nttdocomo.co.jp/info/notice/hokkaido/pages/180906_1_d.html,2018-09-14 3:15:40,北海道,江別市,野幌町 26-9
65,ドコモショップ江別野幌店,通常営業（ドコモ）,通常営業,ドコモ,北海道 江別市 野幌若葉町 21-9,43.0858598,141.5291955,,充電,10:00 - 19:00,第2水曜,,,https://www.nttdocomo.co.jp/info/notice/hokkaido/pages/180906_1_d.html,2018-09-14 3:15:40,北海道,江別市,野幌若葉町 21-9
66,ドコモショップ北広島店,通常営業（ドコモ）,通常営業,ドコモ,北海道 北広島市 中央6丁目11-9,42.979115,141.566531,,充電,10:00 - 19:00,第2水曜,,,https://www.nttdocomo.co.jp/info/notice/hokkaido/pages/180906_1_d.html,2018-09-14 3:15:40,北海道,北広島市,中央6丁目11-9
67,ドコモショップ栗山店,通常営業（ドコモ）,通常営業,ドコモ,北海道 夕張郡栗山町 中央 2丁目-80-1-1,43.058689,141.7787351,,充電,"10:00 - 20:00

【営業時間変更】
2018年9月21日（金）：10:00 - 20:00
2018年9月22日（土）：10:00 - 20:00
2018年9月23日（日）：10:00 - 20:00",第2水曜,,,https://www.nttdocomo.co.jp/info/notice/hokkaido/pages/180906_1_d.html,2018-09-14 3:15:40,北海道,夕張郡栗山町,中央 2丁目-80-1-1
68,ドコモショップ砂川店,通常営業（ドコモ）,通常営業,ドコモ,北海道 砂川市 空知太東1条4-360-2,43.534175,141.9201706,,充電,10:00 - 19:00,第2木曜,,,https://www.nttdocomo.co.jp/info/notice/hokkaido/pages/180906_1_d.html,2018-09-14 3:15:40,北海道,砂川市,空知太東1条4-360-2
69,ドコモショップ空知店,通常営業（ドコモ）,通常営業,ドコモ,北海道 岩見沢市 9条西9丁目1-3,43.1939693,141.7638676,,充電,10:00 - 20:00（日曜・祝日：10:00 - 19:00）,第2火曜,,,https://www.nttdocomo.co.jp/info/notice/hokkaido/pages/180906_1_d.html,2018-09-14 3:15:40,北海道,岩見沢市,9条西9丁目1-3
70,ドコモショップ滝川店,通常営業（ドコモ）,通常営業,ドコモ,北海道 滝川市 東町 2-44-8,43.555851,141.9258104,,充電,10:00 - 19:00,第3水曜,,,https://www.nttdocomo.co.jp/info/notice/hokkaido/pages/180906_1_d.html,2018-09-14 3:15:40,北海道,滝川市,東町 2-44-8
71,ドコモショップ千歳店,通常営業（ドコモ）,通常営業,ドコモ,北海道 千歳市 錦町 3-12-1,42.8229155,141.6433821,,充電,10:00 - 19:00,第3木曜,,,https://www.nttdocomo.co.jp/info/notice/hokkaido/pages/180906_1_d.html,2018-09-14 3:15:40,北海道,千歳市,錦町 3-12-1
72,ドコモショップ千歳富士店,通常営業（ドコモ）,通常営業,ドコモ,北海道 千歳市 富士 3丁目6-13,42.8407991,141.6293127,,充電,10:00 - 19:00,第3水曜,,,https://www.nttdocomo.co.jp/info/notice/hokkaido/pages/180906_1_d.html,2018-09-14 3:15:40,北海道,千歳市,富士 3丁目6-13
73,ドコモショップ花園店,通常営業（ドコモ）,通常営業,ドコモ,北海道 小樽市 花園 3丁目10-11,43.1899425,140.9993506,,充電,10:00 - 20:00（日曜・祝日：10:00 - 19:00）,第2火曜,,,https://www.nttdocomo.co.jp/info/notice/hokkaido/pages/180906_1_d.html,2018-09-14 3:15:40,北海道,小樽市,花園 3丁目10-11
74,ドコモショップ美唄店,通常営業（ドコモ）,通常営業,ドコモ,北海道 美唄市 大通西1条北 2-1-28,43.334215,141.860651,,充電,10:00 - 19:00,第2木曜,,,https://www.nttdocomo.co.jp/info/notice/hokkaido/pages/180906_1_d.html,2018-09-14 3:15:40,北海道,美唄市,大通西1条北 2-1-28
75,ドコモショップ深川店,通常営業（ドコモ）,通常営業,ドコモ,北海道 深川市 4条9-6,43.7189272,142.0437031,,充電,10:00 - 19:00,"第2水曜

【臨時営業日】
2018年10月10日（水）

【臨時休業日】
2018年10月11日（木）",,,https://www.nttdocomo.co.jp/info/notice/hokkaido/pages/180906_1_d.html,2018-09-14 3:15:40,北海道,深川市,4条9-6
76,ドコモショップフレスポ恵み野店,通常営業（ドコモ）,通常営業,ドコモ,北海道 恵庭市 恵み野里美 2丁目15 フレスポ恵み野ノースエリア内,42.9058083,141.5715094,,充電,10:00 - 19:00,無休,,,https://www.nttdocomo.co.jp/info/notice/hokkaido/pages/180906_1_d.html,2018-09-14 3:15:40,北海道,恵庭市,恵み野里美 2丁目15 フレスポ恵み野ノースエリア内
77,ドコモショップ余市店,通常営業（ドコモ）,通常営業,ドコモ,北海道 余市郡余市町 黒川町10丁目 60-1,43.1846224,140.7950975,,充電,10:00 - 20:00,第3木曜,,,https://www.nttdocomo.co.jp/info/notice/hokkaido/pages/180906_1_d.html,2018-09-14 3:15:40,北海道,余市郡余市町,黒川町10丁目 60-1
78,ドコモショップようてい店,通常営業（ドコモ）,通常営業,ドコモ,北海道 虻田郡倶知安町 南7条西1丁目 10-7,42.8942774,140.7516293,,充電,10:00 - 19:00,第3水曜,,,https://www.nttdocomo.co.jp/info/notice/hokkaido/pages/180906_1_d.html,2018-09-14 3:15:40,北海道,虻田郡倶知安町,南7条西1丁目 10-7
79,ドコモショップ浦河店,通常営業（ドコモ）,通常営業,ドコモ,北海道 浦河郡浦河町 大通 2丁目 16-2,42.1625083,142.7745341,,充電,10:00 - 19:00,無休,,,https://www.nttdocomo.co.jp/info/notice/hokkaido/pages/180906_1_d.html,2018-09-14 3:15:40,北海道,浦河郡浦河町,大通 2丁目 16-2
80,ドコモショップ静内店,通常営業（ドコモ）,通常営業,ドコモ,北海道 日高郡新ひだか町 静内木場町 2-2-3,42.3414862,142.353797,,充電,10:00 - 19:00,第3水曜,,,https://www.nttdocomo.co.jp/info/notice/hokkaido/pages/180906_1_d.html,2018-09-14 3:15:40,北海道,日高郡新ひだか町,静内木場町 2-2-3
81,ドコモショップ新ひだか店,休業中（ドコモ）,休業中,ドコモ,北海道 日高郡新ひだか町 静内末広町 2-2-1 イオン静内店 1階,42.3429704,142.3556794,,充電,9:00 - 21:00,無休,,,https://www.nttdocomo.co.jp/info/notice/hokkaido/pages/180906_1_d.html,2018-09-14 3:15:40,北海道,日高郡新ひだか町,静内末広町 2-2-1 イオン静内店 1階
82,ドコモショップ伊達店,通常営業（ドコモ）,通常営業,ドコモ,北海道 伊達市 末永町 8-4,42.4739948,140.8614481,,充電,10:00 - 19:00,第2火曜,,,https://www.nttdocomo.co.jp/info/notice/hokkaido/pages/180906_1_d.html,2018-09-14 3:15:40,北海道,伊達市,末永町 8-4
83,ドコモショップ苫小牧明野新町店,通常営業（ドコモ）,通常営業,ドコモ,北海道 苫小牧市 明野新町 1丁目1-7,42.6573152,141.6389796,,充電,10:00 - 19:00,第3木曜,,,https://www.nttdocomo.co.jp/info/notice/hokkaido/pages/180906_1_d.html,2018-09-14 3:15:40,北海道,苫小牧市,明野新町 1丁目1-7
84,ドコモショップ苫小牧店,通常営業（ドコモ）,通常営業,ドコモ,北海道 苫小牧市 木場町 1丁目4-10,42.6407705,141.5971726,,充電,10:00 - 19:00,第3水曜,,,https://www.nttdocomo.co.jp/info/notice/hokkaido/pages/180906_1_d.html,2018-09-14 3:15:40,北海道,苫小牧市,木場町 1丁目4-10
85,ドコモショップ苫小牧バイパス店,通常営業（ドコモ）,通常営業,ドコモ,北海道 苫小牧市 澄川町 4丁目1-12,42.616516,141.5071697,,充電,"10:00 - 20:00

【営業時間変更】
2018年9月21日（金）：10:00 - 22:00
2018年9月22日（土）：10:00 - 22:00
2018年9月23日（日）：10:00 - 22:00 ",第2水曜,,,https://www.nttdocomo.co.jp/info/notice/hokkaido/pages/180906_1_d.html,2018-09-14 3:15:40,北海道,苫小牧市,澄川町 4丁目1-12
86,ドコモショップ富川店,休業中（ドコモ）,休業中,ドコモ,北海道 沙流郡日高町 富川南 2-2-5 マックスバリュ富川店内,42.519696,142.02526,,充電,10:00 - 19:00,第2木曜,,,https://www.nttdocomo.co.jp/info/notice/hokkaido/pages/180906_1_d.html,2018-09-14 3:15:40,北海道,沙流郡日高町,富川南 2-2-5 マックスバリュ富川店内
87,ドコモショップ登別店,通常営業（ドコモ）,通常営業,ドコモ,北海道 登別市 若草町 2-14-15,42.3702018,141.0566638,,充電,10:00 - 19:00,"第2火曜

【臨時休業日】
2018年9月20日（木）",,,https://www.nttdocomo.co.jp/info/notice/hokkaido/pages/180906_1_d.html,2018-09-14 3:15:40,北海道,登別市,若草町 2-14-15
88,ドコモショップ室蘭店,通常営業（ドコモ）,通常営業,ドコモ,北海道 室蘭市 中島町 1-9-4,42.3518211,141.0131865,,充電,10:00 - 19:00,第3水曜,,,https://www.nttdocomo.co.jp/info/notice/hokkaido/pages/180906_1_d.html,2018-09-14 3:15:40,北海道,室蘭市,中島町 1-9-4
89,ドコモショップイオン上磯店,通常営業（ドコモ）,通常営業,ドコモ,北海道 北斗市 七重浜 4-44-1,41.8219678,140.7109066,,充電,10:00 - 20:00,無休,,,https://www.nttdocomo.co.jp/info/notice/hokkaido/pages/180906_1_d.html,2018-09-14 3:15:40,北海道,北斗市,七重浜 4-44-1
90,ドコモショップ今金店,通常営業（ドコモ）,通常営業,ドコモ,北海道 瀬棚郡今金町 字神丘 546,42.4324108,140.0007116,,充電,"10:30 - 19:00

【営業時間変更】
2018年10月23日（火）：10:30 - 15:30",第2水曜,,,https://www.nttdocomo.co.jp/info/notice/hokkaido/pages/180906_1_d.html,2018-09-14 3:15:40,北海道,瀬棚郡今金町,字神丘 546
91,ドコモショップ江差店,通常営業（ドコモ）,通常営業,ドコモ,北海道 檜山郡江差町 字伏木戸町 561,41.9163092,140.1466514,,充電,10:00 - 19:00,第2水曜,,,https://www.nttdocomo.co.jp/info/notice/hokkaido/pages/180906_1_d.html,2018-09-14 3:15:40,北海道,檜山郡江差町,字伏木戸町 561
92,ドコモショップ函館新道店,通常営業（ドコモ）,通常営業,ドコモ,北海道 函館市 石川町 173-3,41.832148,140.7356238,,充電,10:00 - 19:00,第2水曜,,,https://www.nttdocomo.co.jp/info/notice/hokkaido/pages/180906_1_d.html,2018-09-14 3:15:40,北海道,函館市,石川町 173-3
93,ドコモショップ函館店,通常営業（ドコモ）,通常営業,ドコモ,北海道 函館市 五稜郭町 12-16 ピュアパレス五稜郭1F,41.7951864,140.7510883,,充電,10:00 - 19:00,第2木曜,,,https://www.nttdocomo.co.jp/info/notice/hokkaido/pages/180906_1_d.html,2018-09-14 3:15:40,北海道,函館市,五稜郭町 12-16 ピュアパレス五稜郭1F
94,ドコモショップ函館戸倉店,通常営業（ドコモ）,通常営業,ドコモ,北海道 函館市 戸倉町 320-1,41.7801337,140.8008829,,充電,10:00 - 19:00,第3水曜,,,https://www.nttdocomo.co.jp/info/notice/hokkaido/pages/180906_1_d.html,2018-09-14 3:15:40,北海道,函館市,戸倉町 320-1
95,ドコモショップ函館本通店,通常営業（ドコモ）,通常営業,ドコモ,北海道 函館市 本通 4丁目16-22,41.7982642,140.776148,,充電,10:00 - 19:00,第2水曜,,,https://www.nttdocomo.co.jp/info/notice/hokkaido/pages/180906_1_d.html,2018-09-14 3:15:40,北海道,函館市,本通 4丁目16-22
96,ドコモショップ函館若松店,通常営業（ドコモ）,通常営業,ドコモ,北海道 函館市 若松町 26-7,41.7752594,140.7309544,,充電,10:00 - 19:00,第3木曜,,,https://www.nttdocomo.co.jp/info/notice/hokkaido/pages/180906_1_d.html,2018-09-14 3:15:40,北海道,函館市,若松町 26-7
97,ドコモショップ北斗店,通常営業（ドコモ）,通常営業,ドコモ,北海道 北斗市 七重浜 8丁目-4-1,41.8199533,140.6922331,,充電,10:00 - 19:00,第2水曜,,,https://www.nttdocomo.co.jp/info/notice/hokkaido/pages/180906_1_d.html,2018-09-14 3:15:40,北海道,北斗市,七重浜 8丁目-4-1
98,ドコモショップ美原店,通常営業（ドコモ）,通常営業,ドコモ,北海道 函館市 美原 3-8-8,41.8162143,140.7516206,,充電,10:00 - 19:00,第2火曜,,,https://www.nttdocomo.co.jp/info/notice/hokkaido/pages/180906_1_d.html,2018-09-14 3:15:40,北海道,函館市,美原 3-8-8
99,ドコモショップ森店,通常営業（ドコモ）,通常営業,ドコモ,北海道 茅部郡森町 森川町 228-45 イエローグローブ内,42.0991097,140.5827065,,充電,"10:30 - 19:00

【営業時間変更】
2018年10月23日（火）：10:30 - 16:00",第2水曜,,,https://www.nttdocomo.co.jp/info/notice/hokkaido/pages/180906_1_d.html,2018-09-14 3:15:40,北海道,茅部郡森町,森川町 228-45 イエローグローブ内
100,ドコモショップ八雲店,通常営業（ドコモ）,通常営業,ドコモ,北海道 二海郡八雲町 本町 88,42.256085,140.2699562,,充電,10:00 - 19:00,第2火曜,,,https://www.nttdocomo.co.jp/info/notice/hokkaido/pages/180906_1_d.html,2018-09-14 3:15:40,北海道,二海郡八雲町,本町 88
101,ドコモショップ旭川カムイ店,通常営業（ドコモ）,通常営業,ドコモ,北海道 旭川市 神居2条10丁目2-2,43.759847,142.336656,,充電,10:00 - 19:00,第3水曜,,,https://www.nttdocomo.co.jp/info/notice/hokkaido/pages/180906_1_d.html,2018-09-14 3:15:40,北海道,旭川市,神居2条10丁目2-2
102,ドコモショップ旭川環状通東光店,通常営業（ドコモ）,通常営業,ドコモ,北海道 旭川市 東光13条6丁目3-17,43.7422129,142.4074907,,充電,10:00 - 19:00,第2水曜,,,https://www.nttdocomo.co.jp/info/notice/hokkaido/pages/180906_1_d.html,2018-09-14 3:15:40,北海道,旭川市,東光13条6丁目3-17
103,ドコモショップ旭川末広店,通常営業（ドコモ）,通常営業,ドコモ,北海道 旭川市 末広東1条1丁目2-2,43.801261,142.384199,,充電,10:00 - 19:00,第2水曜,,,https://www.nttdocomo.co.jp/info/notice/hokkaido/pages/180906_1_d.html,2018-09-14 3:15:40,北海道,旭川市,末広東1条1丁目2-2
104,ドコモショップ旭川大雪通店,通常営業（ドコモ）,通常営業,ドコモ,北海道 旭川市 永山3条16丁目2-1,43.806834,142.4285548,,充電,10:00 - 19:00,第2火曜,,,https://www.nttdocomo.co.jp/info/notice/hokkaido/pages/180906_1_d.html,2018-09-14 3:15:40,北海道,旭川市,永山3条16丁目2-1
105,ドコモショップ旭川中央店,通常営業（ドコモ）,通常営業,ドコモ,北海道 旭川市 4条通14丁目左1,43.7665667,142.3706101,,充電,10:00 - 19:00,"第2火曜

【臨時営業日】
2018年10月9日（火）

【臨時休業日】
2018年10月11日（木）",,,https://www.nttdocomo.co.jp/info/notice/hokkaido/pages/180906_1_d.html,2018-09-14 3:15:40,北海道,旭川市,4条通14丁目左1
106,ドコモショップ旭川店,通常営業（ドコモ）,通常営業,ドコモ,北海道 旭川市 宮下通7丁目 イオンモール旭川駅前 3F 3013,43.7637918,142.3575047,,充電,9:00 - 21:00,無休,,,https://www.nttdocomo.co.jp/info/notice/hokkaido/pages/180906_1_d.html,2018-09-14 3:15:40,北海道,旭川市,宮下通7丁目 イオンモール旭川駅前 3F 3013
107,ドコモショップ旭川東光店,通常営業（ドコモ）,通常営業,ドコモ,北海道 旭川市 豊岡1条2丁目4-21,43.755916,142.393933,,充電,10:00 - 19:00,第3木曜,,,https://www.nttdocomo.co.jp/info/notice/hokkaido/pages/180906_1_d.html,2018-09-14 3:15:40,北海道,旭川市,豊岡1条2丁目4-21
108,ドコモショップ旭川永山店,通常営業（ドコモ）,通常営業,ドコモ,北海道 旭川市 永山10条4丁目5-8,43.7836723,142.4122518,,充電,10:00 - 19:00,第2水曜,,,https://www.nttdocomo.co.jp/info/notice/hokkaido/pages/180906_1_d.html,2018-09-14 3:15:40,北海道,旭川市,永山10条4丁目5-8
109,ドコモショップあさひまち店,通常営業（ドコモ）,通常営業,ドコモ,北海道 旭川市 旭町2条７丁目25-181,43.7871442,142.3529582,,充電,10:00 - 19:00,第3火曜,,,https://www.nttdocomo.co.jp/info/notice/hokkaido/pages/180906_1_d.html,2018-09-14 3:15:40,北海道,旭川市,旭町2条７丁目25-181
110,ドコモショップ士別店,通常営業（ドコモ）,通常営業,ドコモ,北海道 士別市 大通西14丁目3142-78,44.1673651,142.3944437,,充電,10:00 - 19:00,"第2水曜

【臨時営業日】
2018年10月10日（水）

【臨時休業日】
2018年10月11日（木）",,,https://www.nttdocomo.co.jp/info/notice/hokkaido/pages/180906_1_d.html,2018-09-14 3:15:40,北海道,士別市,大通西14丁目3142-78
111,ドコモショップツインハープ旭神店,通常営業（ドコモ）,通常営業,ドコモ,北海道 旭川市 旭神3条4丁目2-2,43.735221,142.3879766,,充電,10:00 - 19:00,"第2火曜

【臨時営業日】
2018年10月9日（火）

【臨時休業日】
2018年10月11日（木）",,,https://www.nttdocomo.co.jp/info/notice/hokkaido/pages/180906_1_d.html,2018-09-14 3:15:40,北海道,旭川市,旭神3条4丁目2-2
112,ドコモショップ名寄店,通常営業（ドコモ）,通常営業,ドコモ,北海道 名寄市 西4条南5丁目17,44.3507246,142.4574682,,充電,10:00 - 19:00,"第3火曜

【臨時営業日】
2018年10月16日（火）

【臨時休業日】
2018年10月11日（木）",,,https://www.nttdocomo.co.jp/info/notice/hokkaido/pages/180906_1_d.html,2018-09-14 3:15:40,北海道,名寄市,西4条南5丁目17
113,ドコモショップ富良野店,通常営業（ドコモ）,通常営業,ドコモ,北海道 富良野市 若松町16-20,43.3431147,142.383892,,充電,10:00 - 19:00,"第2水曜

【臨時営業日】
2018年10月10日（水）

【臨時休業日】
2018年10月11日（木）",,,https://www.nttdocomo.co.jp/info/notice/hokkaido/pages/180906_1_d.html,2018-09-14 3:15:40,北海道,富良野市,若松町16-20
114,ドコモショップ留萌店,通常営業（ドコモ）,通常営業,ドコモ,北海道 留萌市 錦町4丁目2-13,43.938204,141.6464643,,充電,10:00 - 19:00,"第2火曜

【臨時営業日】
2018年10月9日（火）

【臨時休業日】
2018年10月11日（木）",,,https://www.nttdocomo.co.jp/info/notice/hokkaido/pages/180906_1_d.html,2018-09-14 3:15:40,北海道,留萌市,錦町4丁目2-13
115,ドコモショップ足寄店,通常営業（ドコモ）,通常営業,ドコモ,北海道 足寄郡足寄町 南七条 1-43,43.236071,143.5466949,,充電,10:00 - 19:00,"第3水曜

【臨時休業日】
2018年9月18日（火）",,,https://www.nttdocomo.co.jp/info/notice/hokkaido/pages/180906_1_d.html,2018-09-14 3:15:40,北海道,足寄郡足寄町,南七条 1-43
116,ドコモショップ池田店,通常営業（ドコモ）,通常営業,ドコモ,北海道 中川郡池田町 字大通2丁目6,42.9227696,143.4509472,,充電,"10:00 - 19:00

【営業時間変更】
2018年10月9日（火）：10:00 - 16:00",第2水曜,,,https://www.nttdocomo.co.jp/info/notice/hokkaido/pages/180906_1_d.html,2018-09-14 3:15:40,北海道,中川郡池田町,字大通2丁目6
117,ドコモショップ音更木野店,通常営業（ドコモ）,通常営業,ドコモ,北海道 河東郡音更町 木野大通西 15-1-17,42.9657195,143.2066301,,充電,"10:00 - 19:00

【営業時間変更】
2018年10月9日（火）：10:00 - 17:00",第2水曜,,,https://www.nttdocomo.co.jp/info/notice/hokkaido/pages/180906_1_d.html,2018-09-14 3:15:40,北海道,河東郡音更町,木野大通西 15-1-17
118,ドコモショップ帯広大通南28丁目店,通常営業（ドコモ）,通常営業,ドコモ,北海道 帯広市 大通南 28-1-2,42.9004385,143.2077807,,充電,"10:00 - 19:00

【営業時間変更】
2018年10月9日（火）：10:00 - 17:00",無休,,,https://www.nttdocomo.co.jp/info/notice/hokkaido/pages/180906_1_d.html,2018-09-14 3:15:40,北海道,帯広市,大通南 28-1-2
119,ドコモショップ帯広自由が丘店,通常営業（ドコモ）,通常営業,ドコモ,北海道 帯広市 自由が丘 2-1,42.9036751,143.1625819,,充電,"10:00 - 19:00

【営業時間変更】
2018年10月9日（火）：10:00 - 17:00",無休,,,https://www.nttdocomo.co.jp/info/notice/hokkaido/pages/180906_1_d.html,2018-09-14 3:15:40,北海道,帯広市,自由が丘 2-1
120,ドコモショップ帯広店,通常営業（ドコモ）,通常営業,ドコモ,北海道 帯広市 西13条北 1-1-4,42.9308918,143.1831042,,充電,10:00 - 19:00,"第3水曜

【臨時休業日】
2018年9月18日（火）",,,https://www.nttdocomo.co.jp/info/notice/hokkaido/pages/180906_1_d.html,2018-09-14 3:15:40,北海道,帯広市,西13条北 1-1-4
121,ドコモショップ帯広南町店,通常営業（ドコモ）,通常営業,ドコモ,北海道 帯広市 西17条南 36-2-14,42.8871496,143.178337,,充電,10:00 - 19:00,"第3水曜

【臨時休業日】
2018年9月18日（火）",,,https://www.nttdocomo.co.jp/info/notice/hokkaido/pages/180906_1_d.html,2018-09-14 3:15:40,北海道,帯広市,西17条南 36-2-14
122,ドコモショップ釧路愛国店,通常営業（ドコモ）,通常営業,ドコモ,北海道 釧路市 愛国西 1-24-8,43.0111903,144.3855431,,充電,10:00 - 19:00,第2水曜,,,https://www.nttdocomo.co.jp/info/notice/hokkaido/pages/180906_1_d.html,2018-09-14 3:15:40,北海道,釧路市,愛国西 1-24-8
123,ドコモショップ釧路光和店,通常営業（ドコモ）,通常営業,ドコモ,北海道 釧路郡釧路町 光和 4丁目14-1,43.00705,144.4039579,,充電,10:00 - 19:00,第3木曜,,,https://www.nttdocomo.co.jp/info/notice/hokkaido/pages/180906_1_d.html,2018-09-14 3:15:40,北海道,釧路郡釧路町,光和 4丁目14-1
124,ドコモショップ釧路昭和店,通常営業（ドコモ）,通常営業,ドコモ,北海道 釧路市 昭和中央 4-1-1,43.0221194,144.3579231,,充電,10:00 - 19:00,"第3火曜

【臨時営業日】
2018年9月18日（火）

【臨時休業日】
2018年9月14日（金）
2018年9月15日（土）",,,https://www.nttdocomo.co.jp/info/notice/hokkaido/pages/180906_1_d.html,2018-09-14 3:15:40,北海道,釧路市,昭和中央 4-1-1
125,ドコモショップ釧路店,通常営業（ドコモ）,通常営業,ドコモ,北海道 釧路市 北大通 10丁目1番 ドコモ釧路ビル1F,42.987079,144.383872,,充電,10:00 - 19:00,第3火曜,,,https://www.nttdocomo.co.jp/info/notice/hokkaido/pages/180906_1_d.html,2018-09-14 3:15:40,北海道,釧路市,北大通 10丁目1番 ドコモ釧路ビル1F
126,ドコモショップ釧路鳥取店,通常営業（ドコモ）,通常営業,ドコモ,北海道 釧路市 鳥取大通 6-8-14,43.015775,144.3413417,,充電,10:00 - 19:00,第3水曜,,,https://www.nttdocomo.co.jp/info/notice/hokkaido/pages/180906_1_d.html,2018-09-14 3:15:40,北海道,釧路市,鳥取大通 6-8-14
127,ドコモショップ札内店,通常営業（ドコモ）,通常営業,ドコモ,北海道 中川郡幕別町 札内桜町 83-20,42.9202681,143.2409988,,充電,11:00 - 20:00,無休,,,https://www.nttdocomo.co.jp/info/notice/hokkaido/pages/180906_1_d.html,2018-09-14 3:15:40,北海道,中川郡幕別町,札内桜町 83-20
128,ドコモショップ大樹店,通常営業（ドコモ）,通常営業,ドコモ,北海道 広尾郡大樹町 西本通 98,42.489788,143.273273,,充電,10:00 - 19:00,第3水曜,,,https://www.nttdocomo.co.jp/info/notice/hokkaido/pages/180906_1_d.html,2018-09-14 3:15:40,北海道,広尾郡大樹町,西本通 98
129,ドコモショップ弟子屈店,通常営業（ドコモ）,通常営業,ドコモ,北海道 川上郡弟子屈町 高栄 1丁目1-2,43.4873059,144.4544545,,充電,10:00 - 19:00,第3水曜,,,https://www.nttdocomo.co.jp/info/notice/hokkaido/pages/180906_1_d.html,2018-09-14 3:15:40,北海道,川上郡弟子屈町,高栄 1丁目1-2
130,ドコモショップとかち中央店,通常営業（ドコモ）,通常営業,ドコモ,北海道 帯広市 西2条南6-11,42.9253574,143.2010803,,充電,10:00 - 19:00,第2木曜,,,https://www.nttdocomo.co.jp/info/notice/hokkaido/pages/180906_1_d.html,2018-09-14 3:15:40,北海道,帯広市,西2条南6-11
131,ドコモショップとかち店,通常営業（ドコモ）,通常営業,ドコモ,北海道 帯広市 西19条南3丁目54-1,42.9182198,143.1536211,,充電,10:00 - 19:00,第2木曜,,,https://www.nttdocomo.co.jp/info/notice/hokkaido/pages/180906_1_d.html,2018-09-14 3:15:40,北海道,帯広市,西19条南3丁目54-1
132,ドコモショップ中標津店,通常営業（ドコモ）,通常営業,ドコモ,北海道 標津郡中標津町 南町 3-10 東武サウスヒルズ内,43.5362531,144.9777948,,充電,9:00 - 20:00,無休,,,https://www.nttdocomo.co.jp/info/notice/hokkaido/pages/180906_1_d.html,2018-09-14 3:15:40,北海道,標津郡中標津町,南町 3-10 東武サウスヒルズ内
133,ドコモショップ日専連貝塚店,通常営業（ドコモ）,通常営業,ドコモ,北海道 釧路市 貝塚 3-2-28 コープさっぽろ貝塚店内,42.9962099,144.4102242,,充電,10:00 - 19:00,無休,,,https://www.nttdocomo.co.jp/info/notice/hokkaido/pages/180906_1_d.html,2018-09-14 3:15:40,北海道,釧路市,貝塚 3-2-28 コープさっぽろ貝塚店内
134,ドコモショップ日専連釧路店,通常営業（ドコモ）,通常営業,ドコモ,北海道 釧路市 文苑 1丁目2-20,43.0154623,144.3895924,,充電,10:00 - 19:00,無休,,,https://www.nttdocomo.co.jp/info/notice/hokkaido/pages/180906_1_d.html,2018-09-14 3:15:40,北海道,釧路市,文苑 1丁目2-20
135,ドコモショップ根室店,通常営業（ドコモ）,通常営業,ドコモ,北海道 根室市 幸町 1-6,43.3301703,145.5859512,,充電,10:00 - 19:00,第3水曜,,,https://www.nttdocomo.co.jp/info/notice/hokkaido/pages/180906_1_d.html,2018-09-14 3:15:40,北海道,根室市,幸町 1-6
136,ドコモショップ星が浦店,通常営業（ドコモ）,通常営業,ドコモ,北海道 釧路市 星が浦大通2-7-12,43.0158324,144.3227655,,充電,10:00 - 19:00,第2木曜,,,https://www.nttdocomo.co.jp/info/notice/hokkaido/pages/180906_1_d.html,2018-09-14 3:15:40,北海道,釧路市,星が浦大通2-7-12
137,ドコモショップ芽室店,通常営業（ドコモ）,通常営業,ドコモ,北海道 河西郡芽室町 東めむろ1条北1丁目 2番1,42.9127323,143.0695303,,充電,10:00 - 20:00,"第2水曜

【臨時営業日】
2018年10月10日（水）

【臨時休業日】
2018年10月17日（水）",,,https://www.nttdocomo.co.jp/info/notice/hokkaido/pages/180906_1_d.html,2018-09-14 3:15:40,北海道,河西郡芽室町,東めむろ1条北1丁目 2番1
138,ドコモショップ帯広競馬場通り店,通常営業（ドコモ）,通常営業,ドコモ,北海道 帯広市 西10条南10丁目 2,42.9199851,143.1897149,,充電,"11:00 - 20:00

【営業時間変更】
2018年10月9日（火）：10:00 - 17:00",無休,,,https://www.nttdocomo.co.jp/info/notice/hokkaido/pages/180906_1_d.html,2018-09-14 3:15:40,北海道,帯広市,西10条南10丁目 2
139,ドコモショップ稚内大黒店,通常営業（ドコモ）,通常営業,ドコモ,北海道 稚内市 大黒 5丁目 4-10,45.3964392,141.6943589,,充電,10:00 - 19:00,"第3火曜

【臨時営業日】
2018年10月16日（火）

【臨時休業日】
2018年10月11日（木）",,,https://www.nttdocomo.co.jp/info/notice/hokkaido/pages/180906_1_d.html,2018-09-14 3:15:40,北海道,稚内市,大黒 5丁目 4-10
140,ドコモショップ稚内店,通常営業（ドコモ）,通常営業,ドコモ,北海道 稚内市 潮見 2丁目 4-14,45.3956922,141.6995252,,充電,10:00 - 19:00,第3水曜,,,https://www.nttdocomo.co.jp/info/notice/hokkaido/pages/180906_1_d.html,2018-09-14 3:15:40,北海道,稚内市,潮見 2丁目 4-14
141,札幌市東区体育館,臨時開設（ドコモ）,臨時開設,ドコモ,北海道 札幌市東区 北27条 東14丁目 3-1,43.0975114,141.3686202,,充電,,,,,https://www.nttdocomo.co.jp/info/notice/hokkaido/pages/180906_1_d.html,2018-09-14 3:15:40,北海道,札幌市東区,北27条 東14丁目 3-1
142,札幌市白石区体育館,臨時開設（ドコモ）,臨時開設,ドコモ,北海道 札幌市白石区 南郷通 6丁目北 1-1,43.0423962,141.4082088,,充電,,,,,https://www.nttdocomo.co.jp/info/notice/hokkaido/pages/180906_1_d.html,2018-09-14 3:15:40,北海道,札幌市白石区,南郷通 6丁目北 1-1
143,札幌市立北白石小学校・中学校,臨時開設（ドコモ）,臨時開設,ドコモ,北海道 札幌市白石区 北郷 6条 3丁目 5-2,43.0646501,141.4180427,,充電,,,,,https://www.nttdocomo.co.jp/info/notice/hokkaido/pages/180906_1_d.html,2018-09-14 3:15:40,北海道,札幌市白石区,北郷 6条 3丁目 5-2
144,日高町 水・くらしサービスセンター,臨時開設（ドコモ）,臨時開設,ドコモ,北海道 沙流郡日高町 富川東 6丁目3-1,42.4980156,142.0508068,,充電,,,,,https://www.nttdocomo.co.jp/info/notice/hokkaido/pages/180906_1_d.html,2018-09-14 3:15:40,北海道,沙流郡日高町,富川東 6丁目3-1
145,むかわ町役場,臨時開設（ドコモ）,臨時開設,ドコモ,北海道 勇払郡むかわ町 美幸 2丁目88,42.5748399,141.926742,,充電,,,,,https://www.nttdocomo.co.jp/info/notice/hokkaido/pages/180906_1_d.html,2018-09-14 3:15:40,北海道,勇払郡むかわ町,美幸 2丁目88
146,春日生活館,臨時開設（ドコモ）,臨時開設,ドコモ,北海道 勇払郡むかわ町 春日 235-3,42.5831383,141.9985775,,充電,,,,,https://www.nttdocomo.co.jp/info/notice/hokkaido/pages/180906_1_d.html,2018-09-14 3:15:40,北海道,勇払郡むかわ町,春日 235-3
147,仁和会館,臨時開設（ドコモ）,臨時開設,ドコモ,北海道 勇払郡むかわ町 穂別仁和 339,42.6607342,142.0799228,,充電,,,,,https://www.nttdocomo.co.jp/info/notice/hokkaido/pages/180906_1_d.html,2018-09-14 3:15:40,北海道,勇払郡むかわ町,穂別仁和 339
148,富内銀河会館,臨時開設（ドコモ）,臨時開設,ドコモ,北海道 勇払郡むかわ町 穂別富内 81-1,42.7836007,142.2203337,,充電,,,,,https://www.nttdocomo.co.jp/info/notice/hokkaido/pages/180906_1_d.html,2018-09-14 3:15:40,北海道,勇払郡むかわ町,穂別富内 81-1
149,穂別中央生活館,臨時開設（ドコモ）,臨時開設,ドコモ,北海道 勇払郡むかわ町 穂別和泉 76-1,42.706484,142.1274578,,充電,,,,,https://www.nttdocomo.co.jp/info/notice/hokkaido/pages/180906_1_d.html,2018-09-14 3:15:40,北海道,勇払郡むかわ町,穂別和泉 76-1
150,穂別町民センター,臨時開設（ドコモ）,臨時開設,ドコモ,北海道 勇払郡むかわ町 穂別 2-1,42.761303,142.1337012,,充電,,,,,https://www.nttdocomo.co.jp/info/notice/hokkaido/pages/180906_1_d.html,2018-09-14 3:15:40,北海道,勇払郡むかわ町,穂別 2-1
151,穂別中学校,臨時開設（ドコモ）,臨時開設,ドコモ,北海道 勇払郡むかわ町 穂別 116,42.769508,142.1424999,,充電,,,,,https://www.nttdocomo.co.jp/info/notice/hokkaido/pages/180906_1_d.html,2018-09-14 3:15:40,北海道,勇払郡むかわ町,穂別 116
152,むかわ四季の館,臨時開設（ドコモ）,臨時開設,ドコモ,北海道 勇払郡むかわ町 美幸3丁目3-1,42.5739733,141.9254643,,充電,,,,,https://www.nttdocomo.co.jp/info/notice/hokkaido/pages/180906_1_d.html,2018-09-14 3:15:40,北海道,勇払郡むかわ町,美幸3丁目3-1
153,むかわ町立鵡川中央小学校,臨時開設（ドコモ）,臨時開設,ドコモ,北海道 勇払郡むかわ町 花園1丁目14,42.5775508,141.9292527,,充電,,,,,https://www.nttdocomo.co.jp/info/notice/hokkaido/pages/180906_1_d.html,2018-09-14 3:15:40,北海道,勇払郡むかわ町,花園1丁目14
154,報徳館,臨時開設（ドコモ）,臨時開設,ドコモ,北海道 勇払郡むかわ町 二宮 315-2,42.6096473,141.9420086,,充電,,,,,https://www.nttdocomo.co.jp/info/notice/hokkaido/pages/180906_1_d.html,2018-09-14 3:15:40,北海道,勇払郡むかわ町,二宮 315-2
155,厚南会館,臨時開設（ドコモ）,臨時開設,ドコモ,北海道 勇払郡厚真町 上厚真219-1,42.6418156,141.8475651,,充電,,,,,https://www.nttdocomo.co.jp/info/notice/hokkaido/pages/180906_1_d.html,2018-09-14 3:15:40,北海道,勇払郡厚真町,上厚真219-1
156,上厚真小学校,臨時開設（ドコモ）,臨時開設,ドコモ,北海道 勇払郡厚真町 厚和 59-3,42.6423908,141.8561922,,充電,,,,,https://www.nttdocomo.co.jp/info/notice/hokkaido/pages/180906_1_d.html,2018-09-14 3:15:40,北海道,勇払郡厚真町,厚和 59-3
157,花園若草会館,臨時開設（ドコモ）,臨時開設,ドコモ,北海道 勇払郡安平町 追分若草1丁目35,42.8663424,141.8177195,,充電,,,,,https://www.nttdocomo.co.jp/info/notice/hokkaido/pages/180906_1_d.html,2018-09-14 3:15:40,北海道,勇払郡安平町,追分若草1丁目35
158,安平町立早来小学校,臨時開設（ドコモ）,臨時開設,ドコモ,北海道 勇払郡安平町 早来大町159,42.7670953,141.8252581,,充電,,,,,https://www.nttdocomo.co.jp/info/notice/hokkaido/pages/180906_1_d.html,2018-09-14 3:15:40,北海道,勇払郡安平町,早来大町159
159,安平町町民センター,臨時開設（ドコモ）,臨時開設,ドコモ,北海道 勇払郡安平町 早来北進 102-4,42.7655593,141.8222946,,充電,,,,,https://www.nttdocomo.co.jp/info/notice/hokkaido/pages/180906_1_d.html,2018-09-14 3:15:40,北海道,勇払郡安平町,早来北進 102-4
160,遠浅公民館,臨時開設（ドコモ）,臨時開設,ドコモ,北海道 勇払郡安平町 追分遠浅 125-1,42.7291618,141.7749984,,充電,,,,,https://www.nttdocomo.co.jp/info/notice/hokkaido/pages/180906_1_d.html,2018-09-14 3:15:40,北海道,勇払郡安平町,追分遠浅 125-1
161,青葉会館,臨時開設（ドコモ）,臨時開設,ドコモ,北海道 勇払郡安平町 追分白樺 2丁目3-1,42.8768042,141.8051369,,充電,,,,,https://www.nttdocomo.co.jp/info/notice/hokkaido/pages/180906_1_d.html,2018-09-14 3:15:40,北海道,勇払郡安平町,追分白樺 2丁目3-1
162,安平公民館,臨時開設（ドコモ）,臨時開設,ドコモ,北海道 勇払郡安平町 安平165,42.8158761,141.8287855,「安平地区公民館」にマッピング,充電,,,,,https://www.nttdocomo.co.jp/info/notice/hokkaido/pages/180906_1_d.html,2018-09-14 3:15:40,北海道,勇払郡安平町,安平165
163,追分公民館,臨時開設（ドコモ）,臨時開設,ドコモ,北海道 勇払郡安平町 追分緑が丘200-2,42.8783461,141.8134442,,充電,,,,,https://www.nttdocomo.co.jp/info/notice/hokkaido/pages/180906_1_d.html,2018-09-14 3:15:40,北海道,勇払郡安平町,追分緑が丘200-2
164,厚真町役場,臨時開設（ドコモ）,臨時開設,ドコモ,北海道 勇払郡厚真町 京町 120,42.7234095,141.8777571,,充電,,,,,https://www.nttdocomo.co.jp/info/notice/hokkaido/pages/180906_1_d.html,2018-09-14 3:15:40,北海道,勇払郡厚真町,京町 120
165,厚真スポーツセンター,臨時開設（ドコモ）,臨時開設,ドコモ,北海道 勇払郡厚真町 字本郷 234-6,42.7314998,141.8635244,,充電,,,,,https://www.nttdocomo.co.jp/info/notice/hokkaido/pages/180906_1_d.html,2018-09-14 3:15:40,北海道,勇払郡厚真町,字本郷 234-6
166,厚真町総合福祉センター,臨時開設（ドコモ）,臨時開設,ドコモ,北海道 勇払郡厚真町 京町 165-1,42.722879,141.8769517,,充電,,,,,https://www.nttdocomo.co.jp/info/notice/hokkaido/pages/180906_1_d.html,2018-09-14 3:15:40,北海道,勇払郡厚真町,京町 165-1
167,厚真中央小学校,臨時開設（ドコモ）,臨時開設,ドコモ,北海道 勇払郡厚真町 新町 92-1,42.7228376,141.8865399,,充電,,,,,https://www.nttdocomo.co.jp/info/notice/hokkaido/pages/180906_1_d.html,2018-09-14 3:15:40,北海道,勇払郡厚真町,新町 92-1
168,厚真中学校,臨時開設（ドコモ）,臨時開設,ドコモ,北海道 勇払郡厚真町 新町 457,42.7176021,141.8857403,,充電,,,,,https://www.nttdocomo.co.jp/info/notice/hokkaido/pages/180906_1_d.html,2018-09-14 3:15:40,北海道,勇払郡厚真町,新町 457
169,ドコモ北海道支社ビル,閉鎖（ドコモ）,閉鎖,ドコモ,北海道 札幌市中央区 北1条西14丁目6,43.0591539,141.335056,,充電,,,,,https://www.nttdocomo.co.jp/info/notice/hokkaido/pages/180906_1_d.html,2018-09-14 3:15:40,北海道,札幌市中央区,北1条西14丁目6
170,ドコモ月寒ビル,閉鎖（ドコモ）,閉鎖,ドコモ,北海道 札幌市豊平区 月寒中央通11丁目2-20,43.0238063,141.4001884,,充電,,,,,https://www.nttdocomo.co.jp/info/notice/hokkaido/pages/180906_1_d.html,2018-09-14 3:15:40,北海道,札幌市豊平区,月寒中央通11丁目2-20
171,ドコモＣＳ北海道 旭川支店,閉鎖（ドコモ）,閉鎖,ドコモ,北海道 旭川市 2条通10丁目229-1,43.7653277,142.3631304,,充電,,,,,https://www.nttdocomo.co.jp/info/notice/hokkaido/pages/180906_1_d.html,2018-09-14 3:15:40,北海道,旭川市,2条通10丁目229-1
172,清田区体育館,臨時開設（au）,臨時開設,au,北海道 札幌市清田区 平岡1条5丁目4-1,42.9910368,141.451669,,充電,,,,,http://disaster.kddi.com/category/189,2018-09-14 3:15:20,北海道,札幌市清田区,平岡1条5丁目4-1
173,東区体育館,臨時開設（au）,臨時開設,au,北海道 札幌市東区 北27条東14丁目3-1,43.0975114,141.3686202,,Wi-Fi/充電,,,,,http://disaster.kddi.com/category/189,2018-09-14 3:15:20,北海道,札幌市東区,北27条東14丁目3-1
174,厚南会館,臨時開設（au）,臨時開設,au,北海道 勇払郡厚真町 上厚真219-1,42.6418156,141.8475651,,充電,,,,,http://disaster.kddi.com/category/189,2018-09-14 3:15:20,北海道,勇払郡厚真町,上厚真219-1
175,あつまスタードーム,臨時開設（au）,臨時開設,au,北海道 勇払郡厚真町 本郷234-6,42.7314998,141.8635244,,充電,,,,,http://disaster.kddi.com/category/189,2018-09-14 3:15:20,北海道,勇払郡厚真町,本郷234-6
176,総合福祉センター,臨時開設（au）,臨時開設,au,北海道 勇払郡厚真町 京町165-1,42.722879,141.8769517,,充電,,,,,http://disaster.kddi.com/category/189,2018-09-14 3:15:20,北海道,勇払郡厚真町,京町165-1
177,厚真中学校,臨時開設（au）,臨時開設,au,北海道 勇払郡厚真町 新町464,42.716505,141.8868653,,充電,,,,,http://disaster.kddi.com/category/189,2018-09-14 3:15:20,北海道,勇払郡厚真町,新町464
178,上厚真小学校,臨時開設（au）,臨時開設,au,北海道 勇払郡厚真町 厚和 59-3,42.6423908,141.8561922,,充電,,,,,http://disaster.kddi.com/category/189,2018-09-14 3:15:20,北海道,勇払郡厚真町,厚和 59-3
179,厚真町災害ボランティアセンター,臨時開設（au）,臨時開設,au,北海道 勇払郡厚真町 本郷 283-2,42.7295445,141.8665936,,Wi-Fi/充電,,,,,http://disaster.kddi.com/category/189,2018-09-14 3:15:20,北海道,勇払郡厚真町,本郷 283-2
180,安平町役場,臨時開設（au）,臨時開設,au,北海道 勇払郡安平町 早来大町 95,42.7628567,141.8180424,,Wi-Fi/充電,,,,,http://disaster.kddi.com/category/189,2018-09-14 3:15:20,北海道,勇払郡安平町,早来大町 95
181,早来町民センター,臨時開設（au）,臨時開設,au,北海道 勇払郡 早来北進 102-4,42.7655593,141.8222946,,Wi-Fi/充電,,,,,http://disaster.kddi.com/category/189,2018-09-14 3:15:20,北海道,勇払郡,早来北進 102-4
182,追分公民館,臨時開設（au）,臨時開設,au,北海道 勇払郡安平町 追分緑が丘 200-2,42.8783461,141.8134442,,Wi-Fi/充電,,,,,http://disaster.kddi.com/category/189,2018-09-14 3:15:20,北海道,勇払郡安平町,追分緑が丘 200-2
183,安平公民館,臨時開設（au）,臨時開設,au,北海道 勇払郡安平町 安平 165,42.8158761,141.8287855,「安平地区公民館」にマッピング,充電,,,,,http://disaster.kddi.com/category/189,2018-09-14 3:15:20,北海道,勇払郡安平町,安平 165
184,花園若草会館,臨時開設（au）,臨時開設,au,北海道 勇払郡安平町 追分若草 1丁目35,42.8663424,141.8177195,,Wi-Fi/充電,,,,,http://disaster.kddi.com/category/189,2018-09-14 3:15:20,北海道,勇払郡安平町,追分若草 1丁目35
185,青葉会館,臨時開設（au）,臨時開設,au,北海道 勇払郡安平町 追分白樺 2丁目3-1,42.8768042,141.8051369,,Wi-Fi/充電,,,,,http://disaster.kddi.com/category/189,2018-09-14 3:15:20,北海道,勇払郡安平町,追分白樺 2丁目3-1
186,安平町災害ボランティアセンター,臨時開設（au）,臨時開設,au,北海道 勇払郡安平町 早来大町 156-1,42.7687202,141.8252608,,Wi-Fi/充電,,,,,http://disaster.kddi.com/category/189,2018-09-14 3:15:20,北海道,勇払郡安平町,早来大町 156-1
187,早来スポーツセンター,臨時開設（au）,臨時開設,au,北海道 勇払郡安平町 早来北進 102-5,42.7634985,141.8238585,,Wi-Fi/充電,,,,,http://disaster.kddi.com/category/189,2018-09-14 3:15:20,北海道,勇払郡安平町,早来北進 102-5
188,むかわ町立穂別中学校,臨時開設（au）,臨時開設,au,北海道 勇払郡むかわ町 穂別 116,42.769508,142.1424999,,Wi-Fi/充電,,,,,http://disaster.kddi.com/category/189,2018-09-14 3:15:20,北海道,勇払郡むかわ町,穂別 116
189,穂別町民センター,臨時開設（au）,臨時開設,au,北海道 勇払郡むかわ町 穂別 2-1,42.761303,142.1337012,,Wi-Fi/充電,,,,,http://disaster.kddi.com/category/189,2018-09-14 3:15:20,北海道,勇払郡むかわ町,穂別 2-1
190,むかわ四季の館,臨時開設（au）,臨時開設,au,北海道 勇払郡むかわ町 美幸 3丁目3-1,42.5739733,141.9254643,,Wi-Fi/充電,,,,,http://disaster.kddi.com/category/189,2018-09-14 3:15:20,北海道,勇払郡むかわ町,美幸 3丁目3-1
191,むかわ町立鵡川中央小学校,臨時開設（au）,臨時開設,au,北海道 勇払郡むかわ町 花園 1丁目14,42.5775508,141.9292527,,Wi-Fi/充電,,,,,http://disaster.kddi.com/category/189,2018-09-14 3:15:20,北海道,勇払郡むかわ町,花園 1丁目14
192,報徳館,臨時開設（au）,臨時開設,au,北海道 勇払郡むかわ町 二宮 315-2,42.6096473,141.9420086,,Wi-Fi/充電,,,,,http://disaster.kddi.com/category/189,2018-09-14 3:15:20,北海道,勇払郡むかわ町,二宮 315-2
193,富内銀河会館,臨時開設（au）,臨時開設,au,北海道 勇払郡むかわ町 穂別富内 81-1,42.7836007,142.2203337,,Wi-Fi/充電,,,,,http://disaster.kddi.com/category/189,2018-09-14 3:15:20,北海道,勇払郡むかわ町,穂別富内 81-1
194,むかわ町災害ボランティアセンター,臨時開設（au）,臨時開設,au,北海道 勇払郡むかわ町 美幸 3丁目3-1,42.5739733,141.9254643,,Wi-Fi/充電,,,,,http://disaster.kddi.com/category/189,2018-09-14 3:15:20,北海道,勇払郡むかわ町,美幸 3丁目3-1
195,平岡南小学校,閉鎖（au）,閉鎖,au,北海道 札幌市清田区 平岡2条6丁目2-1,42.9928229,141.457099,,Wi-Fi/充電,,,,,http://disaster.kddi.com/category/189,2018-09-14 3:15:20,北海道,札幌市清田区,平岡2条6丁目2-1
196,美しが丘小学校,閉鎖（au）,閉鎖,au,北海道 札幌市清田区 美しが丘2条5丁目,42.9830268,141.4559303,,Wi-Fi/充電,,,,,http://disaster.kddi.com/category/189,2018-09-14 3:15:20,北海道,札幌市清田区,美しが丘2条5丁目
197,安平町立早来小学校,閉鎖（au）,閉鎖,au,北海道 勇払郡安平町 早来大町159,42.7670953,141.8252581,,Wi-Fi/充電,,,,,http://disaster.kddi.com/category/189,2018-09-14 3:15:20,北海道,勇払郡安平町,早来大町159
198,むかわ町立鵡川中学校,閉鎖（au）,閉鎖,au,北海道 勇払郡むかわ町 文京4丁目2,42.5772614,141.9158872,,Wi-Fi/充電,,,,,http://disaster.kddi.com/category/189,2018-09-14 3:15:20,北海道,勇払郡むかわ町,文京4丁目2
199,北広島市総合体育館,閉鎖（au）,閉鎖,au,北海道 北広島市 共栄315−2,42.988107,141.5574014,,充電,7:00 - 21:00,,北広島市民,,http://www.city.kitahiroshima.hokkaido.jp/hotnews/detail_sp/00130462.html,2018-09-08 1:26:30,北海道,北広島市,共栄315−2
200,ソフトバンク札幌大通,通常営業（ソフトバンク）,通常営業,ソフトバンク,北海道 札幌市中央区 大通西10丁目4‐14 南大通ビル1F,43.058571,141.341641,,充電,20:00 まで,,,,https://www.softbank.jp/corp/group/sbm/news/info/2018/20180906_01/,2018-09-14 23:13:00,北海道,札幌市中央区,大通西10丁目4‐14 南大通ビル1F
201,ソフトバンク鳥居前,通常営業（ソフトバンク）,通常営業,ソフトバンク,北海道 札幌市中央区 北2条西25丁目 1‐2,43.059109,141.3193907,,充電,19:00 まで,,,,https://www.softbank.jp/corp/group/sbm/news/info/2018/20180906_01/,2018-09-14 23:13:00,北海道,札幌市中央区,北2条西25丁目 1‐2
202,ソフトバンク札幌中央,通常営業（ソフトバンク）,通常営業,ソフトバンク,北海道 札幌市中央区 南1条西2丁目 16,43.05944,141.354507,,充電,19:00 まで,,,,https://www.softbank.jp/corp/group/sbm/news/info/2018/20180906_01/,2018-09-14 23:13:00,北海道,札幌市中央区,南1条西2丁目 16
203,ソフトバンク札幌南２１条電車通,通常営業（ソフトバンク）,通常営業,ソフトバンク,北海道 札幌市中央区 南21条西9丁目 2‐15,43.0311464,141.3469288,,充電,19:00 まで,,,,https://www.softbank.jp/corp/group/sbm/news/info/2018/20180906_01/,2018-09-14 23:13:00,北海道,札幌市中央区,南21条西9丁目 2‐15
204,ソフトバンク札幌山鼻,通常営業（ソフトバンク）,通常営業,ソフトバンク,北海道 札幌市中央区 南11条西11丁目 2-1 M34札幌山鼻ビル1F,43.0448452,141.3427479,,充電,20:00 まで,,,,https://www.softbank.jp/corp/group/sbm/news/info/2018/20180906_01/,2018-09-14 23:13:00,北海道,札幌市中央区,南11条西11丁目 2-1 M34札幌山鼻ビル1F
205,ソフトバンクサッポロファクトリー,通常営業（ソフトバンク）,通常営業,ソフトバンク,北海道 札幌市中央区 北2条東4丁目 1‐2 サッポロファクトリー2条館1階,43.065684,141.363042,,充電,18:00 まで,,,,https://www.softbank.jp/corp/group/sbm/news/info/2018/20180906_01/,2018-09-14 23:13:00,北海道,札幌市中央区,北2条東4丁目 1‐2 サッポロファクトリー2条館1階
206,ソフトバンク旭ヶ丘,通常営業（ソフトバンク）,通常営業,ソフトバンク,北海道 札幌市中央区 南15条西19丁目 1‐7 緑新興産ビル1階,43.0380491,141.3296964,,充電,17:00 まで,,,,https://www.softbank.jp/corp/group/sbm/news/info/2018/20180906_01/,2018-09-14 23:13:00,北海道,札幌市中央区,南15条西19丁目 1‐7 緑新興産ビル1階
207,ソフトバンク北五条通,通常営業（ソフトバンク）,通常営業,ソフトバンク,北海道 札幌市中央区 北5条西15丁目 1‐16,43.0645365,141.3327059,,充電,19:30 まで,,,,https://www.softbank.jp/corp/group/sbm/news/info/2018/20180906_01/,2018-09-14 23:13:00,北海道,札幌市中央区,北5条西15丁目 1‐16
208,ソフトバンク北３４条駅,通常営業（ソフトバンク）,通常営業,ソフトバンク,北海道 札幌市北区 北32条西5丁目 3‐27 レガート北32 1F,43.099465,141.3402781,,充電,19:00 まで,,,,https://www.softbank.jp/corp/group/sbm/news/info/2018/20180906_01/,2018-09-14 23:13:00,北海道,札幌市北区,北32条西5丁目 3‐27 レガート北32 1F
209,ソフトバンク屯田,通常営業（ソフトバンク）,通常営業,ソフトバンク,北海道 札幌市北区 屯田8条2丁目 8-20,43.1403157,141.3430111,,充電,20:00 まで,,,,https://www.softbank.jp/corp/group/sbm/news/info/2018/20180906_01/,2018-09-14 23:13:00,北海道,札幌市北区,屯田8条2丁目 8-20
210,ソフトバンク篠路,通常営業（ソフトバンク）,通常営業,ソフトバンク,北海道 札幌市北区 篠路3条3丁目 1‐29,43.1445489,141.3568295,,充電,19:00 まで,,,,https://www.softbank.jp/corp/group/sbm/news/info/2018/20180906_01/,2018-09-14 23:13:00,北海道,札幌市北区,篠路3条3丁目 1‐29
211,ソフトバンク札幌新川,通常営業（ソフトバンク）,通常営業,ソフトバンク,北海道 札幌市北区 北23条西14丁目 6-4,43.0869976,141.3287355,,充電,20:00 まで,,,,https://www.softbank.jp/corp/group/sbm/news/info/2018/20180906_01/,2018-09-14 23:13:00,北海道,札幌市北区,北23条西14丁目 6-4
212,ソフトバンク新琴似,通常営業（ソフトバンク）,通常営業,ソフトバンク,北海道 札幌市北区 新琴似1条6丁目 4‐10,43.1072308,141.3180378,,充電,19:00 まで,,,,https://www.softbank.jp/corp/group/sbm/news/info/2018/20180906_01/,2018-09-14 23:13:00,北海道,札幌市北区,新琴似1条6丁目 4‐10
213,ソフトバンク北栄,通常営業（ソフトバンク）,通常営業,ソフトバンク,北海道 札幌市東区 北47条東8丁目 3-3,43.1186941,141.354509,,充電,19:00 まで,,,,https://www.softbank.jp/corp/group/sbm/news/info/2018/20180906_01/,2018-09-14 23:13:00,北海道,札幌市東区,北47条東8丁目 3-3
214,ソフトバンク東苗穂,通常営業（ソフトバンク）,通常営業,ソフトバンク,北海道 札幌市東区 東苗穂10条2丁目 11‐16,43.1004875,141.4170656,,充電,19:00 まで,,,,https://www.softbank.jp/corp/group/sbm/news/info/2018/20180906_01/,2018-09-14 23:13:00,北海道,札幌市東区,東苗穂10条2丁目 11‐16
215,ソフトバンク栄町,通常営業（ソフトバンク）,通常営業,ソフトバンク,北海道 札幌市東区 北42条東18丁目 1-3,43.1138759,141.370794,,充電,20:00 まで,,,,https://www.softbank.jp/corp/group/sbm/news/info/2018/20180906_01/,2018-09-14 23:13:00,北海道,札幌市東区,北42条東18丁目 1-3
216,ソフトバンクアリオ札幌,通常営業（ソフトバンク）,通常営業,ソフトバンク,北海道 札幌市東区 北7条東9丁目 2‐20,43.0711702,141.3702553,,充電,19:00 まで,,,,https://www.softbank.jp/corp/group/sbm/news/info/2018/20180906_01/,2018-09-14 23:13:00,北海道,札幌市東区,北7条東9丁目 2‐20
217,ソフトバンク札幌元町,通常営業（ソフトバンク）,通常営業,ソフトバンク,北海道 札幌市東区 北27条東15丁目 399-6 ラポール元町第2,43.0977969,141.3705679,,充電,19:00 まで,,,,https://www.softbank.jp/corp/group/sbm/news/info/2018/20180906_01/,2018-09-14 23:13:00,北海道,札幌市東区,北27条東15丁目 399-6 ラポール元町第2
218,ソフトバンク光星,通常営業（ソフトバンク）,通常営業,ソフトバンク,北海道 札幌市東区 北8条東8丁目 2-13,43.0733503,141.3652305,,充電,20:00 まで,,,,https://www.softbank.jp/corp/group/sbm/news/info/2018/20180906_01/,2018-09-14 23:13:00,北海道,札幌市東区,北8条東8丁目 2-13
219,ソフトバンク東札幌,通常営業（ソフトバンク）,通常営業,ソフトバンク,北海道 札幌市白石区 東札幌2条2丁目 4‐21 ラメール札幌1F,43.0514814,141.3848592,,充電,19:00 まで,,,,https://www.softbank.jp/corp/group/sbm/news/info/2018/20180906_01/,2018-09-14 23:13:00,北海道,札幌市白石区,東札幌2条2丁目 4‐21 ラメール札幌1F
220,ソフトバンク札幌菊水上町,通常営業（ソフトバンク）,通常営業,ソフトバンク,北海道 札幌市白石区 菊水上町1条2丁目 100‐6,43.0626909,141.3845076,,充電,19:00 まで,,,,https://www.softbank.jp/corp/group/sbm/news/info/2018/20180906_01/,2018-09-14 23:13:00,北海道,札幌市白石区,菊水上町1条2丁目 100‐6
221,ソフトバンク菊水元町,通常営業（ソフトバンク）,通常営業,ソフトバンク,北海道 札幌市白石区 菊水元町5条2丁目 2‐18,43.071413,141.4077519,,充電,20:00 まで,,,,https://www.softbank.jp/corp/group/sbm/news/info/2018/20180906_01/,2018-09-14 23:13:00,北海道,札幌市白石区,菊水元町5条2丁目 2‐18
222,ソフトバンク地下鉄白石,通常営業（ソフトバンク）,通常営業,ソフトバンク,北海道 札幌市白石区 南郷通1丁目北 5‐14 GoToTower南郷台1階,43.045566,141.3988414,,充電,17:00 まで,,,,https://www.softbank.jp/corp/group/sbm/news/info/2018/20180906_01/,2018-09-14 23:13:00,北海道,札幌市白石区,南郷通1丁目北 5‐14 GoToTower南郷台1階
223,ソフトバンク札幌白石,通常営業（ソフトバンク）,通常営業,ソフトバンク,北海道 札幌市白石区 本通5丁目南4‐12 JHTビル2,43.0474733,141.4122762,,充電,20:00 まで,,,,https://www.softbank.jp/corp/group/sbm/news/info/2018/20180906_01/,2018-09-14 23:13:00,北海道,札幌市白石区,本通5丁目南4‐12 JHTビル2
224,ソフトバンク南郷１８丁目,通常営業（ソフトバンク）,通常営業,ソフトバンク,北海道 札幌市白石区 南郷通18丁目南3‐3 フォレストOKAP2‐1階,43.0308609,141.432777,,充電,19:00 まで,,,,https://www.softbank.jp/corp/group/sbm/news/info/2018/20180906_01/,2018-09-14 23:13:00,北海道,札幌市白石区,南郷通18丁目南3‐3 フォレストOKAP2‐1階
225,ソフトバンク札幌月寒,通常営業（ソフトバンク）,通常営業,ソフトバンク,北海道 札幌市豊平区 月寒中央通5丁目 1‐3 1F,43.0333939,141.3941188,,充電,20:00 まで,,,,https://www.softbank.jp/corp/group/sbm/news/info/2018/20180906_01/,2018-09-14 23:13:00,北海道,札幌市豊平区,月寒中央通5丁目 1‐3 1F
226,ソフトバンク美園,通常営業（ソフトバンク）,通常営業,ソフトバンク,北海道 札幌市豊平区 美園3条2丁目 1-28,43.0441093,141.3837584,,充電,20:00 まで,,,,https://www.softbank.jp/corp/group/sbm/news/info/2018/20180906_01/,2018-09-14 23:13:00,北海道,札幌市豊平区,美園3条2丁目 1-28
227,ソフトバンク札幌平岸,通常営業（ソフトバンク）,通常営業,ソフトバンク,北海道 札幌市豊平区 平岸2条13丁目3‐10,43.0274276,141.3678021,,充電,17:00 まで,,,,https://www.softbank.jp/corp/group/sbm/news/info/2018/20180906_01/,2018-09-14 23:13:00,北海道,札幌市豊平区,平岸2条13丁目3‐10
228,ソフトバンク西岡,通常営業（ソフトバンク）,通常営業,ソフトバンク,北海道 札幌市豊平区 西岡4条5丁目 1‐32 S・Kビル1階,43.0145821,141.3885456,,充電,19:00 まで,,,,https://www.softbank.jp/corp/group/sbm/news/info/2018/20180906_01/,2018-09-14 23:13:00,北海道,札幌市豊平区,西岡4条5丁目 1‐32 S・Kビル1階
229,ソフトバンク札幌藤野,通常営業（ソフトバンク）,通常営業,ソフトバンク,北海道 札幌市南区 石山2条9丁目 7‐54 アクロスプラザ札幌南,42.9604697,141.3147652,,充電,19:00 まで,,,,https://www.softbank.jp/corp/group/sbm/news/info/2018/20180906_01/,2018-09-14 23:13:00,北海道,札幌市南区,石山2条9丁目 7‐54 アクロスプラザ札幌南
230,ソフトバンク札幌川沿,通常営業（ソフトバンク）,通常営業,ソフトバンク,北海道 札幌市南区 川沿10条2丁目 1‐5,42.9849285,141.3348794,,充電,20:00 まで,,,,https://www.softbank.jp/corp/group/sbm/news/info/2018/20180906_01/,2018-09-14 23:13:00,北海道,札幌市南区,川沿10条2丁目 1‐5
231,ソフトバンク澄川,通常営業（ソフトバンク）,通常営業,ソフトバンク,北海道 札幌市南区 澄川5条3丁目9-10 ライオンズマンション澄川1F,43.0134155,141.3714165,,充電,20:00 まで,,,,https://www.softbank.jp/corp/group/sbm/news/info/2018/20180906_01/,2018-09-14 23:13:00,北海道,札幌市南区,澄川5条3丁目9-10 ライオンズマンション澄川1F
232,ソフトバンク札幌八軒,通常営業（ソフトバンク）,通常営業,ソフトバンク,北海道 札幌市西区 八軒5条西4丁目 1-36,43.0894853,141.3103286,,充電,20:00 まで,,,,https://www.softbank.jp/corp/group/sbm/news/info/2018/20180906_01/,2018-09-14 23:13:00,北海道,札幌市西区,八軒5条西4丁目 1-36
233,ソフトバンク札幌西野,通常営業（ソフトバンク）,通常営業,ソフトバンク,北海道 札幌市西区 西野3条2丁目 1‐36,43.0743829,141.2829208,,充電,20:00 まで,,,,https://www.softbank.jp/corp/group/sbm/news/info/2018/20180906_01/,2018-09-14 23:13:00,北海道,札幌市西区,西野3条2丁目 1‐36
234,ソフトバンク琴似１条,通常営業（ソフトバンク）,通常営業,ソフトバンク,北海道 札幌市西区 琴似1条7丁目 3‐16,43.0725673,141.3006416,,充電,17:00 まで,,,,https://www.softbank.jp/corp/group/sbm/news/info/2018/20180906_01/,2018-09-14 23:13:00,北海道,札幌市西区,琴似1条7丁目 3‐16
235,ソフトバンク宮の沢,通常営業（ソフトバンク）,通常営業,ソフトバンク,北海道 札幌市西区 発寒6条9丁目 3‐20,43.0909393,141.2793285,,充電,17:00 まで,,,,https://www.softbank.jp/corp/group/sbm/news/info/2018/20180906_01/,2018-09-14 23:13:00,北海道,札幌市西区,発寒6条9丁目 3‐20
236,ソフトバンク琴似,通常営業（ソフトバンク）,通常営業,ソフトバンク,北海道 札幌市西区 琴似2条5丁目 1‐24 エスペランザヴィラ1F,43.076009,141.302319,,充電,19:00 まで,,,,https://www.softbank.jp/corp/group/sbm/news/info/2018/20180906_01/,2018-09-14 23:13:00,北海道,札幌市西区,琴似2条5丁目 1‐24 エスペランザヴィラ1F
237,ソフトバンク厚別東,通常営業（ソフトバンク）,通常営業,ソフトバンク,北海道 札幌市厚別区 厚別東5条8丁目 1-10,43.0548447,141.4851765,,充電,19:00 まで,,,,https://www.softbank.jp/corp/group/sbm/news/info/2018/20180906_01/,2018-09-14 23:13:00,北海道,札幌市厚別区,厚別東5条8丁目 1-10
238,ソフトバンク新発寒,通常営業（ソフトバンク）,通常営業,ソフトバンク,北海道 札幌市手稲区 新発寒5条1丁目 2-1,43.1104455,141.2770276,,充電,20:00 まで,,,,https://www.softbank.jp/corp/group/sbm/news/info/2018/20180906_01/,2018-09-14 23:13:00,北海道,札幌市手稲区,新発寒5条1丁目 2-1
239,ソフトバンク星置,通常営業（ソフトバンク）,通常営業,ソフトバンク,北海道 札幌市手稲区 星置1条2丁目 ラッキー星置駅前店内,43.132869,141.211642,,充電,20:00 まで,,,,https://www.softbank.jp/corp/group/sbm/news/info/2018/20180906_01/,2018-09-14 23:13:00,北海道,札幌市手稲区,星置1条2丁目 ラッキー星置駅前店内
240,ソフトバンク札幌西,通常営業（ソフトバンク）,通常営業,ソフトバンク,北海道 札幌市手稲区 西宮の沢4条2丁目 4‐1‐1,43.0986883,141.2612519,,充電,20:00 まで,,,,https://www.softbank.jp/corp/group/sbm/news/info/2018/20180906_01/,2018-09-14 23:13:00,北海道,札幌市手稲区,西宮の沢4条2丁目 4‐1‐1
241,ソフトバンク手稲,通常営業（ソフトバンク）,通常営業,ソフトバンク,北海道 札幌市手稲区 前田7条10丁目 10‐15 パークサイドパレス,43.1282133,141.2573805,,充電,19:00 まで,,,,https://www.softbank.jp/corp/group/sbm/news/info/2018/20180906_01/,2018-09-14 23:13:00,北海道,札幌市手稲区,前田7条10丁目 10‐15 パークサイドパレス
242,ソフトバンク札幌美しが丘,通常営業（ソフトバンク）,通常営業,ソフトバンク,北海道 札幌市清田区 美しが丘3条1丁目 7‐25,42.987662,141.4443643,,充電,20:00 まで,,,,https://www.softbank.jp/corp/group/sbm/news/info/2018/20180906_01/,2018-09-14 23:13:00,北海道,札幌市清田区,美しが丘3条1丁目 7‐25
243,ソフトバンク平岡,通常営業（ソフトバンク）,通常営業,ソフトバンク,北海道 札幌市清田区 平岡4条1丁目 第5アジアビル1F,43.006188,141.446682,,充電,12:00 まで,,,,https://www.softbank.jp/corp/group/sbm/news/info/2018/20180906_01/,2018-09-14 23:13:00,北海道,札幌市清田区,平岡4条1丁目 第5アジアビル1F
244,ソフトバンク札幌清田,通常営業（ソフトバンク）,通常営業,ソフトバンク,北海道 札幌市清田区 清田1条4丁目 1‐37,42.9986078,141.4407862,,充電,19:00 まで,,,,https://www.softbank.jp/corp/group/sbm/news/info/2018/20180906_01/,2018-09-14 23:13:00,北海道,札幌市清田区,清田1条4丁目 1‐37
245,ソフトバンク湯の川,通常営業（ソフトバンク）,通常営業,ソフトバンク,北海道 函館市 湯川町2丁目 18‐11,41.780758,140.7898868,,充電,17:00 まで,,,,https://www.softbank.jp/corp/group/sbm/news/info/2018/20180906_01/,2018-09-14 23:13:00,北海道,函館市,湯川町2丁目 18‐11
246,ソフトバンク函館東山,通常営業（ソフトバンク）,通常営業,ソフトバンク,北海道 函館市 東山2丁目 5-19,41.8069299,140.7721199,,充電,17:00 まで,,,,https://www.softbank.jp/corp/group/sbm/news/info/2018/20180906_01/,2018-09-14 23:13:00,北海道,函館市,東山2丁目 5-19
247,ソフトバンク函館昭和タウンプラザ,通常営業（ソフトバンク）,通常営業,ソフトバンク,北海道 函館市 昭和1丁目 29‐2 ホクレンショップ内,41.8185248,140.7416045,,充電,17:00 まで,,,,https://www.softbank.jp/corp/group/sbm/news/info/2018/20180906_01/,2018-09-14 23:13:00,北海道,函館市,昭和1丁目 29‐2 ホクレンショップ内
248,ソフトバンク函館美原,通常営業（ソフトバンク）,通常営業,ソフトバンク,北海道 函館市 美原1丁目 37-14,41.8167391,140.7490484,,充電,19:00 まで,,,,https://www.softbank.jp/corp/group/sbm/news/info/2018/20180906_01/,2018-09-14 23:13:00,北海道,函館市,美原1丁目 37-14
249,ソフトバンク八幡通,通常営業（ソフトバンク）,通常営業,ソフトバンク,北海道 函館市 大川町 8‐26,41.7980742,140.7383695,,充電,17:00 まで,,,,https://www.softbank.jp/corp/group/sbm/news/info/2018/20180906_01/,2018-09-14 23:13:00,北海道,函館市,大川町 8‐26
250,ソフトバンクウイングベイ小樽,通常営業（ソフトバンク）,通常営業,ソフトバンク,北海道 小樽市 築港 11 ウイングベイ小樽3番街1F,43.1825605,141.0260108,,充電,18:00 まで,,,,https://www.softbank.jp/corp/group/sbm/news/info/2018/20180906_01/,2018-09-14 23:13:00,北海道,小樽市,築港 11 ウイングベイ小樽3番街1F
251,ソフトバンク長崎屋小樽,通常営業（ソフトバンク）,通常営業,ソフトバンク,北海道 小樽市 稲穂2丁目 20‐1 長崎屋小樽店1F,43.197351,140.9952971,,充電,19:00 まで,,,,https://www.softbank.jp/corp/group/sbm/news/info/2018/20180906_01/,2018-09-14 23:13:00,北海道,小樽市,稲穂2丁目 20‐1 長崎屋小樽店1F
252,ソフトバンクイオンモール旭川駅前,通常営業（ソフトバンク）,通常営業,ソフトバンク,北海道 旭川市 宮下通7丁目 2-5 イオンモール旭川駅前3F,43.7637918,142.3575047,,充電,21:00 まで,,,,https://www.softbank.jp/corp/group/sbm/news/info/2018/20180906_01/,2018-09-14 23:13:00,北海道,旭川市,宮下通7丁目 2-5 イオンモール旭川駅前3F
253,ソフトバンク東光環状線,通常営業（ソフトバンク）,通常営業,ソフトバンク,北海道 旭川市 東光15条5丁目 5‐20,43.7405491,142.4052686,,充電,20:00 まで,,,,https://www.softbank.jp/corp/group/sbm/news/info/2018/20180906_01/,2018-09-14 23:13:00,北海道,旭川市,東光15条5丁目 5‐20
254,ソフトバンク環状永山,通常営業（ソフトバンク）,通常営業,ソフトバンク,北海道 旭川市 永山9条4丁目 6‐3,43.7848637,142.4111797,,充電,20:00 まで,,,,https://www.softbank.jp/corp/group/sbm/news/info/2018/20180906_01/,2018-09-14 23:13:00,北海道,旭川市,永山9条4丁目 6‐3
255,ソフトバンク豊岡４条通,通常営業（ソフトバンク）,通常営業,ソフトバンク,北海道 旭川市 豊岡4条3丁目 6‐13,43.7596048,142.3992266,,充電,20:00 まで,,,,https://www.softbank.jp/corp/group/sbm/news/info/2018/20180906_01/,2018-09-14 23:13:00,北海道,旭川市,豊岡4条3丁目 6‐13
256,ソフトバンク末広,通常営業（ソフトバンク）,通常営業,ソフトバンク,北海道 旭川市 末広東1条3丁目 1‐16,43.8036276,142.3871569,,充電,20:00 まで,,,,https://www.softbank.jp/corp/group/sbm/news/info/2018/20180906_01/,2018-09-14 23:13:00,北海道,旭川市,末広東1条3丁目 1‐16
257,ソフトバンク神居,通常営業（ソフトバンク）,通常営業,ソフトバンク,北海道 旭川市 神居3条11丁目 1-5-1,43.7579998,142.3356671,,充電,20:00 まで,,,,https://www.softbank.jp/corp/group/sbm/news/info/2018/20180906_01/,2018-09-14 23:13:00,北海道,旭川市,神居3条11丁目 1-5-1
258,ソフトバンクイオンモール旭川西,通常営業（ソフトバンク）,通常営業,ソフトバンク,北海道 旭川市 緑町23丁目 2161‐3 イオンモール旭川西3階,43.793938,142.326353,,充電,17:00 まで,,,,https://www.softbank.jp/corp/group/sbm/news/info/2018/20180906_01/,2018-09-14 23:13:00,北海道,旭川市,緑町23丁目 2161‐3 イオンモール旭川西3階
259,ソフトバンク室蘭,通常営業（ソフトバンク）,通常営業,ソフトバンク,北海道 室蘭市 中島町1丁目 25‐9,42.3542239,141.019372,,充電,17:00 まで,,,,https://www.softbank.jp/corp/group/sbm/news/info/2018/20180906_01/,2018-09-14 23:13:00,北海道,室蘭市,中島町1丁目 25‐9
260,ソフトバンク釧路文苑,通常営業（ソフトバンク）,通常営業,ソフトバンク,北海道 釧路市 文苑2丁目 48‐10 フレスポ釧路文苑内,43.01978,144.3800998,,充電,20:00 まで,,,,https://www.softbank.jp/corp/group/sbm/news/info/2018/20180906_01/,2018-09-14 23:13:00,北海道,釧路市,文苑2丁目 48‐10 フレスポ釧路文苑内
261,ソフトバンク釧路昭和,通常営業（ソフトバンク）,通常営業,ソフトバンク,北海道 釧路市 昭和中央4丁目 9‐13,43.0230443,144.3588924,,充電,19:00 まで,,,,https://www.softbank.jp/corp/group/sbm/news/info/2018/20180906_01/,2018-09-14 23:13:00,北海道,釧路市,昭和中央4丁目 9‐13
262,ソフトバンクフクハラ武佐,通常営業（ソフトバンク）,通常営業,ソフトバンク,北海道 釧路市 武佐3丁目 47‐11 フクハラ武佐店1F,42.9884502,144.420372,,充電,19:00 まで,,,,https://www.softbank.jp/corp/group/sbm/news/info/2018/20180906_01/,2018-09-14 23:13:00,北海道,釧路市,武佐3丁目 47‐11 フクハラ武佐店1F
263,ソフトバンクフクハラ星が浦,通常営業（ソフトバンク）,通常営業,ソフトバンク,北海道 釧路市 星が浦大通2丁目 6‐1 ぴあざフクハラ星が浦店,43.014391,144.3233381,,充電,20:00 まで,,,,https://www.softbank.jp/corp/group/sbm/news/info/2018/20180906_01/,2018-09-14 23:13:00,北海道,釧路市,星が浦大通2丁目 6‐1 ぴあざフクハラ星が浦店
264,ソフトバンク帯広中央,通常営業（ソフトバンク）,通常営業,ソフトバンク,北海道 帯広市 西8条南1丁目 3‐1,42.9309311,143.1907951,,充電,17:00 まで,,,,https://www.softbank.jp/corp/group/sbm/news/info/2018/20180906_01/,2018-09-14 23:13:00,北海道,帯広市,西8条南1丁目 3‐1
265,ソフトバンク帯広大通,通常営業（ソフトバンク）,通常営業,ソフトバンク,北海道 帯広市 大通南23丁目 19,42.9053157,143.2069139,,充電,19:00 まで,,,,https://www.softbank.jp/corp/group/sbm/news/info/2018/20180906_01/,2018-09-14 23:13:00,北海道,帯広市,大通南23丁目 19
266,ソフトバンク帯広西,通常営業（ソフトバンク）,通常営業,ソフトバンク,北海道 帯広市 西21条南2丁目 27‐5,42.9179447,143.1424164,,充電,19:00 まで,,,,https://www.softbank.jp/corp/group/sbm/news/info/2018/20180906_01/,2018-09-14 23:13:00,北海道,帯広市,西21条南2丁目 27‐5
267,ソフトバンク帯広白樺通,通常営業（ソフトバンク）,通常営業,ソフトバンク,北海道 帯広市 西17条南3丁目 4-9,42.9194371,143.1712862,,充電,19:00 まで,,,,https://www.softbank.jp/corp/group/sbm/news/info/2018/20180906_01/,2018-09-14 23:13:00,北海道,帯広市,西17条南3丁目 4-9
268,ソフトバンク帯広稲田,通常営業（ソフトバンク）,通常営業,ソフトバンク,北海道 帯広市 西5条南34丁目 78,42.891978,143.2010374,,充電,19:00 まで,,,,https://www.softbank.jp/corp/group/sbm/news/info/2018/20180906_01/,2018-09-14 23:13:00,北海道,帯広市,西5条南34丁目 78
269,ソフトバンク北見駅前,通常営業（ソフトバンク）,通常営業,ソフトバンク,北海道 北見市 大通西5丁目 14,43.8014788,143.8932595,,充電,20:00 まで,,,,https://www.softbank.jp/corp/group/sbm/news/info/2018/20180906_01/,2018-09-14 23:13:00,北海道,北見市,大通西5丁目 14
270,ソフトバンク北見三輪,通常営業（ソフトバンク）,通常営業,ソフトバンク,北海道 北見市 東三輪4丁目 16‐143,43.797731,143.8589738,,充電,20:00 まで,,,,https://www.softbank.jp/corp/group/sbm/news/info/2018/20180906_01/,2018-09-14 23:13:00,北海道,北見市,東三輪4丁目 16‐143
271,ソフトバンク岩見沢,通常営業（ソフトバンク）,通常営業,ソフトバンク,北海道 岩見沢市 十条東3丁目 1-4 五十嵐ビル1F,43.198869,141.775297,,充電,17:00 まで,,,,https://www.softbank.jp/corp/group/sbm/news/info/2018/20180906_01/,2018-09-14 23:13:00,北海道,岩見沢市,十条東3丁目 1-4 五十嵐ビル1F
272,ソフトバンク網走,通常営業（ソフトバンク）,通常営業,ソフトバンク,北海道 網走市 駒場北6丁目 1‐19,43.9996092,144.2853008,,充電,19:00 まで,,,,https://www.softbank.jp/corp/group/sbm/news/info/2018/20180906_01/,2018-09-14 23:13:00,北海道,網走市,駒場北6丁目 1‐19
273,ソフトバンク留萌,通常営業（ソフトバンク）,通常営業,ソフトバンク,北海道 留萌市 花園町3丁目 1-5,43.9361543,141.6530002,,充電,19:00 まで,,,,https://www.softbank.jp/corp/group/sbm/news/info/2018/20180906_01/,2018-09-14 23:13:00,北海道,留萌市,花園町3丁目 1-5
274,ソフトバンク苫小牧桜木,通常営業（ソフトバンク）,通常営業,ソフトバンク,北海道 苫小牧市 桜木町3丁目 17‐19,42.6303418,141.5506692,,充電,19:00 まで,,,,https://www.softbank.jp/corp/group/sbm/news/info/2018/20180906_01/,2018-09-14 23:13:00,北海道,苫小牧市,桜木町3丁目 17‐19
275,ソフトバンク苫小牧中央,通常営業（ソフトバンク）,通常営業,ソフトバンク,北海道 苫小牧市 若草町3丁目 1‐2,42.6361548,141.6062717,,充電,19:00 まで,,,,https://www.softbank.jp/corp/group/sbm/news/info/2018/20180906_01/,2018-09-14 23:13:00,北海道,苫小牧市,若草町3丁目 1‐2
276,ソフトバンク苫小牧日の出,通常営業（ソフトバンク）,通常営業,ソフトバンク,北海道 苫小牧市 日の出町2丁目 14‐20,42.6494151,141.6182687,,充電,19:00 まで,,,,https://www.softbank.jp/corp/group/sbm/news/info/2018/20180906_01/,2018-09-14 23:13:00,北海道,苫小牧市,日の出町2丁目 14‐20
277,ソフトバンク稚内,通常営業（ソフトバンク）,通常営業,ソフトバンク,北海道 稚内市 潮見1丁目 8‐14,45.3958588,141.6987724,,充電,20:00 まで,,,,https://www.softbank.jp/corp/group/sbm/news/info/2018/20180906_01/,2018-09-14 23:13:00,北海道,稚内市,潮見1丁目 8‐14
278,ソフトバンク美唄大通,通常営業（ソフトバンク）,通常営業,ソフトバンク,北海道 美唄市 大通東1条南4丁目 2‐20,43.3279515,141.8595847,,充電,19:00 まで,,,,https://www.softbank.jp/corp/group/sbm/news/info/2018/20180906_01/,2018-09-14 23:13:00,北海道,美唄市,大通東1条南4丁目 2‐20
279,ソフトバンク野幌,通常営業（ソフトバンク）,通常営業,ソフトバンク,北海道 江別市 野幌町 76‐4 北洋ビル1F,43.093284,141.5235625,,充電,19:00 まで,,,,https://www.softbank.jp/corp/group/sbm/news/info/2018/20180906_01/,2018-09-14 23:13:00,北海道,江別市,野幌町 76‐4 北洋ビル1F
280,ソフトバンク江別,通常営業（ソフトバンク）,通常営業,ソフトバンク,北海道 江別市 一番町 18‐1,43.1094552,141.5465819,,充電,19:00 まで,,,,https://www.softbank.jp/corp/group/sbm/news/info/2018/20180906_01/,2018-09-14 23:13:00,北海道,江別市,一番町 18‐1
281,ソフトバンク紋別,通常営業（ソフトバンク）,通常営業,ソフトバンク,北海道 紋別市 落石町4丁目 18-15,44.3656051,143.3355896,,充電,20:00 まで,,,,https://www.softbank.jp/corp/group/sbm/news/info/2018/20180906_01/,2018-09-14 23:13:00,北海道,紋別市,落石町4丁目 18-15
282,ソフトバンクイオン名寄,通常営業（ソフトバンク）,通常営業,ソフトバンク,北海道 名寄市 字徳田 80‐1 イオン名寄ショッピングセンター,44.3385531,142.4529257,,充電,17:00 まで,,,,https://www.softbank.jp/corp/group/sbm/news/info/2018/20180906_01/,2018-09-14 23:13:00,北海道,名寄市,字徳田 80‐1 イオン名寄ショッピングセンター
283,ソフトバンク根室,通常営業（ソフトバンク）,通常営業,ソフトバンク,北海道 根室市 花咲町3丁目17 ヒシサンホーマ内,43.3341049,145.583555,,充電,19:00 まで,,,,https://www.softbank.jp/corp/group/sbm/news/info/2018/20180906_01/,2018-09-14 23:13:00,北海道,根室市,花咲町3丁目17 ヒシサンホーマ内
284,ソフトバンク千歳３６号,通常営業（ソフトバンク）,通常営業,ソフトバンク,北海道 千歳市 錦町2丁目 20,42.822199,141.6442765,,充電,17:00 まで,,,,https://www.softbank.jp/corp/group/sbm/news/info/2018/20180906_01/,2018-09-14 23:13:00,北海道,千歳市,錦町2丁目 20
285,ソフトバンク千歳,通常営業（ソフトバンク）,通常営業,ソフトバンク,北海道 千歳市 信濃4丁目 1‐2,42.8383718,141.6374733,,充電,19:00 まで,,,,https://www.softbank.jp/corp/group/sbm/news/info/2018/20180906_01/,2018-09-14 23:13:00,北海道,千歳市,信濃4丁目 1‐2
286,ソフトバンク滝川,通常営業（ソフトバンク）,通常営業,ソフトバンク,北海道 滝川市 新町3丁目 13‐8,43.5544426,141.9200776,,充電,20:00 まで,,,,https://www.softbank.jp/corp/group/sbm/news/info/2018/20180906_01/,2018-09-14 23:13:00,北海道,滝川市,新町3丁目 13‐8
287,ソフトバンク深川,通常営業（ソフトバンク）,通常営業,ソフトバンク,北海道 深川市 五条 9-40,43.7181412,142.0437031,,充電,19:00 まで,,,,https://www.softbank.jp/corp/group/sbm/news/info/2018/20180906_01/,2018-09-14 23:13:00,北海道,深川市,五条 9-40
288,ソフトバンクふらの,通常営業（ソフトバンク）,通常営業,ソフトバンク,北海道 富良野市 桂木町 3‐3,43.3491584,142.3848693,,充電,19:00 まで,,,,https://www.softbank.jp/corp/group/sbm/news/info/2018/20180906_01/,2018-09-14 23:13:00,北海道,富良野市,桂木町 3‐3
289,ソフトバンクフレスポ恵み野,通常営業（ソフトバンク）,通常営業,ソフトバンク,北海道 恵庭市 恵み野里美2丁目15 フレスポ恵み野3020区画,42.9053402,141.571419,,充電,18:00 まで,,,,https://www.softbank.jp/corp/group/sbm/news/info/2018/20180906_01/,2018-09-14 23:13:00,北海道,恵庭市,恵み野里美2丁目15 フレスポ恵み野3020区画
290,ソフトバンク恵庭バイパス,通常営業（ソフトバンク）,通常営業,ソフトバンク,北海道 恵庭市 黄金南7丁目 18ｰ3,42.8898785,141.6014654,,充電,19:00 まで,,,,https://www.softbank.jp/corp/group/sbm/news/info/2018/20180906_01/,2018-09-14 23:13:00,北海道,恵庭市,黄金南7丁目 18ｰ3
291,ソフトバンク伊達,通常営業（ソフトバンク）,通常営業,ソフトバンク,北海道 伊達市 末永町 65,42.4750088,140.8672283,,充電,19:00 まで,,,,https://www.softbank.jp/corp/group/sbm/news/info/2018/20180906_01/,2018-09-14 23:13:00,北海道,伊達市,末永町 65
292,ソフトバンク北広島,通常営業（ソフトバンク）,通常営業,ソフトバンク,北海道 北広島市 美沢1丁目 1‐3,42.9853907,141.5610095,,充電,19:00 まで,,,,https://www.softbank.jp/corp/group/sbm/news/info/2018/20180906_01/,2018-09-14 23:13:00,北海道,北広島市,美沢1丁目 1‐3
293,ソフトバンク石狩手稲通,通常営業（ソフトバンク）,通常営業,ソフトバンク,北海道 石狩市 花川南9条1丁目 11,43.143792,141.27767,,充電,20:00 まで,,,,https://www.softbank.jp/corp/group/sbm/news/info/2018/20180906_01/,2018-09-14 23:13:00,北海道,石狩市,花川南9条1丁目 11
294,ソフトバンクイオン上磯,通常営業（ソフトバンク）,通常営業,ソフトバンク,北海道 北斗市 七重浜4丁目 44‐1 ダイエー上磯店内,41.8219678,140.7110353,,充電,20:00 まで,,,,https://www.softbank.jp/corp/group/sbm/news/info/2018/20180906_01/,2018-09-14 23:13:00,北海道,北斗市,七重浜4丁目 44‐1 ダイエー上磯店内
295,ソフトバンク函館北斗,通常営業（ソフトバンク）,通常営業,ソフトバンク,北海道 北斗市 七重浜7丁目 10‐10,41.8187676,140.6993521,,充電,17:00 まで,,,,https://www.softbank.jp/corp/group/sbm/news/info/2018/20180906_01/,2018-09-14 23:13:00,北海道,北斗市,七重浜7丁目 10‐10
296,ソフトバンク八雲,通常営業（ソフトバンク）,通常営業,ソフトバンク,北海道 二海郡八雲町 東雲町 20‐5 マックスバリュ位八雲店内,42.249933,140.2839,,充電,17:00 まで,,,,https://www.softbank.jp/corp/group/sbm/news/info/2018/20180906_01/,2018-09-14 23:13:00,北海道,二海郡八雲町,東雲町 20‐5 マックスバリュ位八雲店内
297,ソフトバンクようてい倶知安,通常営業（ソフトバンク）,通常営業,ソフトバンク,北海道 虻田郡倶知安町 南七条西1丁目 10‐2‐3,42.8948496,140.7514626,,充電,19:00 まで,,,,https://www.softbank.jp/corp/group/sbm/news/info/2018/20180906_01/,2018-09-14 23:13:00,北海道,虻田郡倶知安町,南七条西1丁目 10‐2‐3
298,ソフトバンク余市,通常営業（ソフトバンク）,通常営業,ソフトバンク,北海道 余市郡余市町 大川町8丁目 40‐1,43.192122,140.8012937,,充電,20:00 まで,,,,https://www.softbank.jp/corp/group/sbm/news/info/2018/20180906_01/,2018-09-14 23:13:00,北海道,余市郡余市町,大川町8丁目 40‐1
299,ソフトバンク美幌,通常営業（ソフトバンク）,通常営業,ソフトバンク,北海道 網走郡美幌町 字三橋南 3‐1,43.8256372,144.1106689,,充電,19:00 まで,,,,https://www.softbank.jp/corp/group/sbm/news/info/2018/20180906_01/,2018-09-14 23:13:00,北海道,網走郡美幌町,字三橋南 3‐1
300,ソフトバンクマックスバリュ静内,通常営業（ソフトバンク）,通常営業,ソフトバンク,北海道 日高郡新ひだか町 静内木場町1丁目 1-69,42.3402476,142.3576802,,充電,19:00 まで,,,,https://www.softbank.jp/corp/group/sbm/news/info/2018/20180906_01/,2018-09-14 23:13:00,北海道,日高郡新ひだか町,静内木場町1丁目 1-69
301,ソフトバンク音更木野,通常営業（ソフトバンク）,通常営業,ソフトバンク,北海道 河東郡音更町 木野大通西12丁目 2-7,42.958162,143.2053807,,充電,17:00 まで,,,,https://www.softbank.jp/corp/group/sbm/news/info/2018/20180906_01/,2018-09-14 23:13:00,北海道,河東郡音更町,木野大通西12丁目 2-7
302,ソフトバンク札内,通常営業（ソフトバンク）,通常営業,ソフトバンク,北海道 中川郡幕別町 札内西町 40-14,42.9224788,143.236849,,充電,19:00 まで,,,,https://www.softbank.jp/corp/group/sbm/news/info/2018/20180906_01/,2018-09-14 23:13:00,北海道,中川郡幕別町,札内西町 40-14
303,ソフトバンクフレスポ中標津,通常営業（ソフトバンク）,通常営業,ソフトバンク,北海道 標津郡中標津町 東十五条南11丁目 3‐11,43.5497798,144.9955564,,充電,19:00 まで,,,,https://www.softbank.jp/corp/group/sbm/news/info/2018/20180906_01/,2018-09-14 23:13:00,北海道,標津郡中標津町,東十五条南11丁目 3‐11
304,ワイモバイル札幌,通常営業（ソフトバンク）,通常営業,ソフトバンク,北海道 札幌市中央区 南三条西4丁目 12‐1 アルシュビルB2F,43.0569546,141.3526023,,充電,19:00 まで,,,,https://www.softbank.jp/corp/group/sbm/news/info/2018/20180906_01/,2018-09-14 23:13:00,北海道,札幌市中央区,南三条西4丁目 12‐1 アルシュビルB2F
305,ワイモバイル札幌大通,通常営業（ソフトバンク）,通常営業,ソフトバンク,北海道 札幌市中央区 大通西4丁目 6‐5,43.0613347,141.351571,,充電,19:00 まで,,,,https://www.softbank.jp/corp/group/sbm/news/info/2018/20180906_01/,2018-09-14 23:13:00,北海道,札幌市中央区,大通西4丁目 6‐5
306,ワイモバイル札幌中央,通常営業（ソフトバンク）,通常営業,ソフトバンク,北海道 札幌市中央区 南一条西2丁目 16,43.0595961,141.3544709,,充電,20:00 まで,,,,https://www.softbank.jp/corp/group/sbm/news/info/2018/20180906_01/,2018-09-14 23:13:00,北海道,札幌市中央区,南一条西2丁目 16
307,ワイモバイルサッポロファクトリー,通常営業（ソフトバンク）,通常営業,ソフトバンク,北海道 札幌市中央区 北二条東4丁目 サッポロファクトリー3条館2F,43.0650175,141.3629513,,充電,19:00 まで,,,,https://www.softbank.jp/corp/group/sbm/news/info/2018/20180906_01/,2018-09-14 23:13:00,北海道,札幌市中央区,北二条東4丁目 サッポロファクトリー3条館2F
308,ワイモバイル札幌南２１条電車通,通常営業（ソフトバンク）,通常営業,ソフトバンク,北海道 札幌市中央区 南21条西9丁目 2‐15,43.0311464,141.3469288,,充電,19:00 まで,,,,https://www.softbank.jp/corp/group/sbm/news/info/2018/20180906_01/,2018-09-14 23:13:00,北海道,札幌市中央区,南21条西9丁目 2‐15
309,ワイモバイル札幌山鼻,通常営業（ソフトバンク）,通常営業,ソフトバンク,北海道 札幌市中央区 南11条西11丁目 2‐1 M34札幌山鼻ビル1F,43.0448452,141.3427479,,充電,20:00 まで,,,,https://www.softbank.jp/corp/group/sbm/news/info/2018/20180906_01/,2018-09-14 23:13:00,北海道,札幌市中央区,南11条西11丁目 2‐1 M34札幌山鼻ビル1F
310,ワイモバイル円山,通常営業（ソフトバンク）,通常営業,ソフトバンク,北海道 札幌市中央区 北4条西24丁目 2‐16,43.0622669,141.3191461,,充電,19:00 まで,,,,https://www.softbank.jp/corp/group/sbm/news/info/2018/20180906_01/,2018-09-14 23:13:00,北海道,札幌市中央区,北4条西24丁目 2‐16
311,ワイモバイル麻生北４０条西,通常営業（ソフトバンク）,通常営業,ソフトバンク,北海道 札幌市北区 北40条西4丁目 2-5 藤井ビルN40 1F,43.1077532,141.3388274,,充電,19:00 まで,,,,https://www.softbank.jp/corp/group/sbm/news/info/2018/20180906_01/,2018-09-14 23:13:00,北海道,札幌市北区,北40条西4丁目 2-5 藤井ビルN40 1F
312,ワイモバイル新琴似,通常営業（ソフトバンク）,通常営業,ソフトバンク,北海道 札幌市北区 新琴似7条6丁目 5‐23 KSビル1F,43.1148111,141.3272423,,充電,19:00 まで,,,,https://www.softbank.jp/corp/group/sbm/news/info/2018/20180906_01/,2018-09-14 23:13:00,北海道,札幌市北区,新琴似7条6丁目 5‐23 KSビル1F
313,ワイモバイル屯田,通常営業（ソフトバンク）,通常営業,ソフトバンク,北海道 札幌市北区 屯田8条10丁目 6‐1,43.1428066,141.3231039,,充電,19:00 まで,,,,https://www.softbank.jp/corp/group/sbm/news/info/2018/20180906_01/,2018-09-14 23:13:00,北海道,札幌市北区,屯田8条10丁目 6‐1
314,ワイモバイルアリオ札幌,通常営業（ソフトバンク）,通常営業,ソフトバンク,北海道 札幌市東区 北7条東9丁目 2‐20 ｱﾘｵ札幌3F,43.0711702,141.3702553,,充電,19:00 まで,,,,https://www.softbank.jp/corp/group/sbm/news/info/2018/20180906_01/,2018-09-14 23:13:00,北海道,札幌市東区,北7条東9丁目 2‐20 ｱﾘｵ札幌3F
315,ワイモバイル環状通東,通常営業（ソフトバンク）,通常営業,ソフトバンク,北海道 札幌市東区 北16条東16丁目 1‐7 NORTH 16 BLD.,43.0835822,141.3744005,,充電,19:00 まで,,,,https://www.softbank.jp/corp/group/sbm/news/info/2018/20180906_01/,2018-09-14 23:13:00,北海道,札幌市東区,北16条東16丁目 1‐7 NORTH 16 BLD.
316,ワイモバイル札幌菊水上町,通常営業（ソフトバンク）,通常営業,ソフトバンク,北海道 札幌市白石区 菊水上町1条2丁目 100‐6,43.0626909,141.3845076,,充電,19:00 まで,,,,https://www.softbank.jp/corp/group/sbm/news/info/2018/20180906_01/,2018-09-14 23:13:00,北海道,札幌市白石区,菊水上町1条2丁目 100‐6
317,ワイモバイル地下鉄白石,通常営業（ソフトバンク）,通常営業,ソフトバンク,北海道 札幌市白石区 南郷通1丁目北 5ｰ14 GoToTower南郷台1階,43.045566,141.3988414,,充電,17:00 まで,,,,https://www.softbank.jp/corp/group/sbm/news/info/2018/20180906_01/,2018-09-14 23:13:00,北海道,札幌市白石区,南郷通1丁目北 5ｰ14 GoToTower南郷台1階
318,ワイモバイル南郷１８丁目,通常営業（ソフトバンク）,通常営業,ソフトバンク,北海道 札幌市白石区 南郷通19丁目南2‐8 クリスタル85ビル1階,43.0295649,141.4352851,,充電,19:00 まで,,,,https://www.softbank.jp/corp/group/sbm/news/info/2018/20180906_01/,2018-09-14 23:13:00,北海道,札幌市白石区,南郷通19丁目南2‐8 クリスタル85ビル1階
319,ワイモバイル札幌平岸,通常営業（ソフトバンク）,通常営業,ソフトバンク,北海道 札幌市豊平区 平岸2条13丁目 3‐10,43.0274276,141.3678021,,充電,19:00 まで,,,,https://www.softbank.jp/corp/group/sbm/news/info/2018/20180906_01/,2018-09-14 23:13:00,北海道,札幌市豊平区,平岸2条13丁目 3‐10
320,ワイモバイル琴似１条,通常営業（ソフトバンク）,通常営業,ソフトバンク,北海道 札幌市西区 琴似1条7丁目 3‐16,43.0725673,141.3006416,,充電,19:00 まで,,,,https://www.softbank.jp/corp/group/sbm/news/info/2018/20180906_01/,2018-09-14 23:13:00,北海道,札幌市西区,琴似1条7丁目 3‐16
321,ワイモバイル宮の沢,通常営業（ソフトバンク）,通常営業,ソフトバンク,北海道 札幌市西区 宮の沢1条1丁目 10‐19 アルファステージ宮の沢1階,43.0897059,141.2770795,,充電,19:30 まで,,,,https://www.softbank.jp/corp/group/sbm/news/info/2018/20180906_01/,2018-09-14 23:13:00,北海道,札幌市西区,宮の沢1条1丁目 10‐19 アルファステージ宮の沢1階
322,ワイモバイル手稲駅前,通常営業（ソフトバンク）,通常営業,ソフトバンク,北海道 札幌市手稲区 前田1条12丁目1‐50 楽市ビル1F,43.1213983,141.2433177,,充電,17:00 まで,,,,https://www.softbank.jp/corp/group/sbm/news/info/2018/20180906_01/,2018-09-14 23:13:00,北海道,札幌市手稲区,前田1条12丁目1‐50 楽市ビル1F
323,ワイモバイル札幌清田,通常営業（ソフトバンク）,通常営業,ソフトバンク,北海道 札幌市清田区 清田1条4丁目 1‐37,42.9986078,141.4407862,,充電,17:00 まで,,,,https://www.softbank.jp/corp/group/sbm/news/info/2018/20180906_01/,2018-09-14 23:13:00,北海道,札幌市清田区,清田1条4丁目 1‐37
324,ワイモバイル函館,通常営業（ソフトバンク）,通常営業,ソフトバンク,北海道 函館市 美原3丁目 13‐15,41.8190583,140.7513064,,充電,17:00 まで,,,,https://www.softbank.jp/corp/group/sbm/news/info/2018/20180906_01/,2018-09-14 23:13:00,北海道,函館市,美原3丁目 13‐15
325,ワイモバイル函館本通,通常営業（ソフトバンク）,通常営業,ソフトバンク,北海道 函館市 本通4丁目 17‐4,41.8000363,140.7766618,,充電,17:00 まで,,,,https://www.softbank.jp/corp/group/sbm/news/info/2018/20180906_01/,2018-09-14 23:13:00,北海道,函館市,本通4丁目 17‐4
326,ワイモバイルポールスター函館,通常営業（ソフトバンク）,通常営業,ソフトバンク,北海道 函館市 港町1丁目 2‐1,41.801707,140.7314644,,充電,17:00 まで,,,,https://www.softbank.jp/corp/group/sbm/news/info/2018/20180906_01/,2018-09-14 23:13:00,北海道,函館市,港町1丁目 2‐1
327,ワイモバイルウイングベイ小樽,通常営業（ソフトバンク）,通常営業,ソフトバンク,北海道 小樽市 築港11 ウイングベイ小樽3番街1F,43.1825605,141.0260108,,充電,18:00 まで,,,,https://www.softbank.jp/corp/group/sbm/news/info/2018/20180906_01/,2018-09-14 23:13:00,北海道,小樽市,築港11 ウイングベイ小樽3番街1F
328,ワイモバイル旭川末広,通常営業（ソフトバンク）,通常営業,ソフトバンク,北海道 旭川市 末広東1 条2丁目49‐17,43.8023499,142.3859571,,充電,19:00 まで,,,,https://www.softbank.jp/corp/group/sbm/news/info/2018/20180906_01/,2018-09-14 23:13:00,北海道,旭川市,末広東1 条2丁目49‐17
329,ワイモバイル旭川永山,通常営業（ソフトバンク）,通常営業,ソフトバンク,北海道 旭川市 永山6条5丁目 8‐20,43.788316,142.4078967,,充電,19:00 まで,,,,https://www.softbank.jp/corp/group/sbm/news/info/2018/20180906_01/,2018-09-14 23:13:00,北海道,旭川市,永山6条5丁目 8‐20
330,ワイモバイルイオンモール旭川駅前,通常営業（ソフトバンク）,通常営業,ソフトバンク,北海道 旭川市 宮下通7丁目2‐5 イオンモール旭川駅前3階,43.7637918,142.3575047,,充電,21:00 まで,,,,https://www.softbank.jp/corp/group/sbm/news/info/2018/20180906_01/,2018-09-14 23:13:00,北海道,旭川市,宮下通7丁目2‐5 イオンモール旭川駅前3階
331,ワイモバイル東光,通常営業（ソフトバンク）,通常営業,ソフトバンク,北海道 旭川市 東光3条7丁目 1‐17,43.7524231,142.4114895,,充電,17:00 まで,,,,https://www.softbank.jp/corp/group/sbm/news/info/2018/20180906_01/,2018-09-14 23:13:00,北海道,旭川市,東光3条7丁目 1‐17
332,ワイモバイル室蘭,通常営業（ソフトバンク）,通常営業,ソフトバンク,北海道 室蘭市 中島本町2丁目 8‐12,42.3540849,141.0140835,,充電,17:00 まで,,,,https://www.softbank.jp/corp/group/sbm/news/info/2018/20180906_01/,2018-09-14 23:13:00,北海道,室蘭市,中島本町2丁目 8‐12
333,ワイモバイル釧路昭和,通常営業（ソフトバンク）,通常営業,ソフトバンク,北海道 釧路市 昭和中央4丁目 9ｰ14 プロビル,43.0229665,144.3588254,,充電,19:00 まで,,,,https://www.softbank.jp/corp/group/sbm/news/info/2018/20180906_01/,2018-09-14 23:13:00,北海道,釧路市,昭和中央4丁目 9ｰ14 プロビル
334,ワイモバイル帯広,通常営業（ソフトバンク）,通常営業,ソフトバンク,北海道 帯広市 西8条北1丁目 6‐1,42.9313561,143.1910035,,充電,20:00 まで,,,,https://www.softbank.jp/corp/group/sbm/news/info/2018/20180906_01/,2018-09-14 23:13:00,北海道,帯広市,西8条北1丁目 6‐1
335,ワイモバイル帯広西,通常営業（ソフトバンク）,通常営業,ソフトバンク,北海道 帯広市 西21条南2丁目 27‐5,42.9179447,143.1424164,,充電,19:00 まで,,,,https://www.softbank.jp/corp/group/sbm/news/info/2018/20180906_01/,2018-09-14 23:13:00,北海道,帯広市,西21条南2丁目 27‐5
336,ワイモバイル北見三輪,通常営業（ソフトバンク）,通常営業,ソフトバンク,北海道 北見市 東三輪4丁目 16‐143,43.797731,143.8589738,,充電,20:00 まで,,,,https://www.softbank.jp/corp/group/sbm/news/info/2018/20180906_01/,2018-09-14 23:13:00,北海道,北見市,東三輪4丁目 16‐143
337,ワイモバイル岩見沢,通常営業（ソフトバンク）,通常営業,ソフトバンク,北海道 岩見沢市 十条東3丁目1‐4 五十嵐ビル1F,43.198869,141.775297,,充電,17:00 まで,,,,https://www.softbank.jp/corp/group/sbm/news/info/2018/20180906_01/,2018-09-14 23:13:00,北海道,岩見沢市,十条東3丁目1‐4 五十嵐ビル1F
338,ワイモバイル苫小牧,通常営業（ソフトバンク）,通常営業,ソフトバンク,北海道 苫小牧市 明野新町2丁目 2‐25,42.6531289,141.6270229,,充電,19:00 まで,,,,https://www.softbank.jp/corp/group/sbm/news/info/2018/20180906_01/,2018-09-14 23:13:00,北海道,苫小牧市,明野新町2丁目 2‐25
339,ワイモバイル千歳ステーションプラザ,通常営業（ソフトバンク）,通常営業,ソフトバンク,北海道 千歳市 千代田町7丁目 1789‐3 千歳ステーションプラザ1F,42.828449,141.6506465,,充電,19:00 まで,,,,https://www.softbank.jp/corp/group/sbm/news/info/2018/20180906_01/,2018-09-14 23:13:00,北海道,千歳市,千代田町7丁目 1789‐3 千歳ステーションプラザ1F
340,ワイモバイルイオン滝川,通常営業（ソフトバンク）,通常営業,ソフトバンク,北海道 滝川市 東町2丁目 25‐3,43.5542374,141.9312738,,充電,17:00 まで,,,,https://www.softbank.jp/corp/group/sbm/news/info/2018/20180906_01/,2018-09-14 23:13:00,北海道,滝川市,東町2丁目 25‐3
341,ワイモバイルフレスポ恵み野,通常営業（ソフトバンク）,通常営業,ソフトバンク,北海道 恵庭市 恵み野里美2丁目 15 フレスポ恵み野,42.9053402,141.571419,,充電,19:00 まで,,,,https://www.softbank.jp/corp/group/sbm/news/info/2018/20180906_01/,2018-09-14 23:13:00,北海道,恵庭市,恵み野里美2丁目 15 フレスポ恵み野
342,ワイモバイル石狩手稲通,通常営業（ソフトバンク）,通常営業,ソフトバンク,北海道 石狩市 花川南9条1丁目 11,43.143792,141.27767,,充電,20:00 まで,,,,https://www.softbank.jp/corp/group/sbm/news/info/2018/20180906_01/,2018-09-14 23:13:00,北海道,石狩市,花川南9条1丁目 11
343,ワイモバイル函館北斗,通常営業（ソフトバンク）,通常営業,ソフトバンク,北海道 北斗市 七重浜7丁目 10‐10,41.8187676,140.6993521,,充電,17:00 まで,,,,https://www.softbank.jp/corp/group/sbm/news/info/2018/20180906_01/,2018-09-14 23:13:00,北海道,北斗市,七重浜7丁目 10‐10
344,ワイモバイル音更木野,通常営業（ソフトバンク）,通常営業,ソフトバンク,北海道 河東郡音更町 木野大通西12丁目2-7,42.958162,143.2053807,,充電,17:00 まで,,,,https://www.softbank.jp/corp/group/sbm/news/info/2018/20180906_01/,2018-09-14 23:13:00,北海道,河東郡音更町,木野大通西12丁目2-7
345,ワイモバイル札内,通常営業（ソフトバンク）,通常営業,ソフトバンク,北海道 中川郡幕別町 札内共栄町 164,42.9195849,143.2424043,,充電,19:00 まで,,,,https://www.softbank.jp/corp/group/sbm/news/info/2018/20180906_01/,2018-09-14 23:13:00,北海道,中川郡幕別町,札内共栄町 164